term,level1_candidate,id,count,levels,Pamela v1,Alex_v1,Andres,Alex_v2,Pamela v2,sum,manual_keep,decision,reason,confidence,notes_examples,level1_name,confidence_label,denomination_occurrences,primary_groups,occupations,standalone_title,first_token_ratio,in_official_occupation_name,in_official_primary_group_name,original_forms,semantic_keep,semantic_drop,semantic_review_flag,manual_keep_flag,semantic_keep_flag,agreed,high_conflict
acarreador,9,6014,1,9,0,1,1,1,1,3,TRUE,keep,Núcleo de cargo: encabeza denominaciones CUOC del nivel y tiene forma de título ocupacional.,0.88,Acarreador de agua,Ocupaciones elementales,high,1,1,1,FALSE,1,FALSE,FALSE,Acarreador,TRUE,FALSE,FALSE,TRUE,TRUE,TRUE,FALSE
acrobata,2,2495,1,2,0,1,1,1,1,3,TRUE,keep,Título ocupacional explícito: aparece como denominación independiente y/o como núcleo inicial del cargo.,0.95,Acróbata | Acróbata aros chinos | Acróbata barra fija,"Profesionales, científicos e intelectuales",high,12,1,1,TRUE,1,FALSE,FALSE,Acróbata,TRUE,FALSE,FALSE,TRUE,TRUE,TRUE,FALSE
actriz,2,2474,1,2,0,1,1,1,1,3,TRUE,keep,Título ocupacional explícito: aparece como denominación independiente y/o como núcleo inicial del cargo.,0.91,Actriz,"Profesionales, científicos e intelectuales",high,1,1,1,TRUE,1,FALSE,FALSE,Actriz,TRUE,FALSE,FALSE,TRUE,TRUE,TRUE,FALSE
actuario,2,863,1,2,1,1,1,1,1,3,TRUE,keep,Título ocupacional explícito: aparece como denominación independiente y/o como núcleo inicial del cargo.,0.95,Actuario | Matemático de estadística actuario | Matemático estadista actuario,"Profesionales, científicos e intelectuales",high,3,1,1,TRUE,0.333,FALSE,FALSE,"Actuario, actuario",TRUE,FALSE,FALSE,TRUE,TRUE,TRUE,FALSE
acuarelista,2,2281,1,2,0,0,1,1,1,3,TRUE,keep,Título ocupacional explícito: aparece como denominación independiente y/o como núcleo inicial del cargo.,0.91,Acuarelista,"Profesionales, científicos e intelectuales",high,1,1,1,TRUE,1,FALSE,FALSE,Acuarelista,TRUE,FALSE,FALSE,TRUE,TRUE,TRUE,FALSE
acuicultor,6,4206,1,6,1,1,1,1,1,3,TRUE,keep,Título ocupacional explícito: aparece como denominación independiente y/o como núcleo inicial del cargo.,0.91,Acuicultor,"Agricultores y trabajadores calificados agropecuarios, forestales y pesqueros",high,1,1,1,TRUE,1,FALSE,FALSE,Acuicultor,TRUE,FALSE,FALSE,TRUE,TRUE,TRUE,FALSE
acupunturista,2,1475,1,2,0,1,1,1,1,3,TRUE,keep,Título ocupacional explícito: aparece como denominación independiente y/o como núcleo inicial del cargo.,0.91,Acupunturista,"Profesionales, científicos e intelectuales",high,1,1,1,TRUE,1,FALSE,FALSE,Acupunturista,TRUE,FALSE,FALSE,TRUE,TRUE,TRUE,FALSE
adiestrador,5,3898,1,5,1,1,1,1,1,3,TRUE,keep,Núcleo de cargo: encabeza denominaciones CUOC del nivel y tiene forma de título ocupacional.,0.88,Adiestrador de perros,Trabajadores de los servicios y vendedores de comercios y mercados,high,1,1,1,FALSE,1,FALSE,FALSE,Adiestrador,TRUE,FALSE,FALSE,TRUE,TRUE,TRUE,FALSE
aerealista,2,2509,1,2,0,0,1,1,1,3,TRUE,keep,Título ocupacional explícito: aparece como denominación independiente y/o como núcleo inicial del cargo.,0.91,Aerealista,"Profesionales, científicos e intelectuales",high,1,1,1,TRUE,1,FALSE,FALSE,Aerealista,TRUE,FALSE,FALSE,TRUE,TRUE,TRUE,FALSE
aerodeslizador,3,3032,1,3,0,0,1,0,1,2,TRUE,review,Aparece en un contexto CUOC limitado y no como núcleo del cargo; falta evidencia para mantenerlo o descartarlo automáticamente.,0.55,Piloto de aerodeslizador,Técnicos y profesionales de nivel medio,low,1,1,1,FALSE,0,FALSE,FALSE,aerodeslizador,FALSE,FALSE,TRUE,TRUE,FALSE,FALSE,FALSE
aerofotografo,2,1290,1,2,1,1,1,1,1,3,TRUE,review,Aparece en un contexto CUOC limitado y no como núcleo del cargo; falta evidencia para mantenerlo o descartarlo automáticamente.,0.55,Agrimensor aerofotógrafo,"Profesionales, científicos e intelectuales",low,1,1,1,FALSE,0,FALSE,FALSE,aerofotógrafo,FALSE,FALSE,TRUE,TRUE,FALSE,FALSE,FALSE
aeromoza,5,3775,1,5,1,1,1,1,1,3,TRUE,keep,Título ocupacional explícito: aparece como denominación independiente y/o como núcleo inicial del cargo.,0.91,Aeromoza,Trabajadores de los servicios y vendedores de comercios y mercados,high,1,1,1,TRUE,1,FALSE,FALSE,Aeromoza,TRUE,FALSE,FALSE,TRUE,TRUE,TRUE,FALSE
agrobiotecnologo,2,880,1,2,1,1,1,1,1,3,TRUE,keep,Núcleo de cargo: encabeza denominaciones CUOC del nivel y tiene forma de título ocupacional.,0.88,Agrobiotecnólogo laboratorista,"Profesionales, científicos e intelectuales",high,1,1,1,FALSE,1,FALSE,FALSE,Agrobiotecnólogo,TRUE,FALSE,FALSE,TRUE,TRUE,TRUE,FALSE
agrologo,2,943,1,2,0,1,1,1,1,3,TRUE,keep,Título ocupacional explícito: aparece como denominación independiente y/o como núcleo inicial del cargo.,0.91,Agrólogo,"Profesionales, científicos e intelectuales",high,1,1,1,TRUE,1,FALSE,FALSE,Agrólogo,TRUE,FALSE,FALSE,TRUE,TRUE,TRUE,FALSE
ahoyador,9,5893,1,9,0,1,0,1,0,1,TRUE,keep,Núcleo de cargo: encabeza denominaciones CUOC del nivel y tiene forma de título ocupacional.,0.88,Ahoyador de canteras,Ocupaciones elementales,high,1,1,1,FALSE,1,FALSE,FALSE,Ahoyador,TRUE,FALSE,FALSE,TRUE,TRUE,TRUE,FALSE
alergista,2,1384,1,2,0,1,0,1,0,1,TRUE,keep,Núcleo de cargo: encabeza denominaciones CUOC del nivel y tiene forma de título ocupacional.,0.88,Alergista clínico,"Profesionales, científicos e intelectuales",high,1,1,1,FALSE,1,FALSE,FALSE,Alergista,TRUE,FALSE,FALSE,TRUE,TRUE,TRUE,FALSE
alfarero,7,4665,1,7,1,1,1,1,1,3,TRUE,keep,Título ocupacional explícito: aparece como denominación independiente y/o como núcleo inicial del cargo.,0.91,Alfarero,"Oficiales, operarios, artesanos y trabajadores de ocupaciones afines",high,1,1,1,TRUE,1,FALSE,FALSE,Alfarero,TRUE,FALSE,FALSE,TRUE,TRUE,TRUE,FALSE
almadiero,6,4197,1,6,0,0,1,1,1,3,TRUE,keep,Título ocupacional explícito: aparece como denominación independiente y/o como núcleo inicial del cargo.,0.91,Almadiero,"Agricultores y trabajadores calificados agropecuarios, forestales y pesqueros",high,1,1,1,TRUE,1,FALSE,FALSE,Almadiero,TRUE,FALSE,FALSE,TRUE,TRUE,TRUE,FALSE
almirante,0,1,1,0,1,0,1,0,1,2,TRUE,keep,Término inequívoco del dominio del nivel y respaldado por denominaciones CUOC del archivo fuente.,0.96,Almirante | Almirante de la armada nacional,Ocupaciones de las fuerzas militares,high,2,1,1,TRUE,1,FALSE,FALSE,Almirante,TRUE,FALSE,FALSE,TRUE,TRUE,TRUE,FALSE
amaestrador,2,2510,1,2,0,1,1,1,1,3,TRUE,keep,Núcleo de cargo: encabeza denominaciones CUOC del nivel y tiene forma de título ocupacional.,0.88,Amaestrador de fieras,"Profesionales, científicos e intelectuales",high,1,1,1,FALSE,1,FALSE,FALSE,Amaestrador,TRUE,FALSE,FALSE,TRUE,TRUE,TRUE,FALSE
amolador,7,4259,1,7,0,0,1,1,1,3,TRUE,keep,Núcleo de cargo: encabeza denominaciones CUOC del nivel y tiene forma de título ocupacional.,0.93,Amolador de piedra | Amolador de pizarra | Amolador de sierras,"Oficiales, operarios, artesanos y trabajadores de ocupaciones afines",high,3,2,2,FALSE,1,FALSE,FALSE,Amolador,TRUE,FALSE,FALSE,TRUE,TRUE,TRUE,FALSE
anatomista,2,883,1,2,0,1,1,1,1,3,TRUE,keep,Título ocupacional explícito: aparece como denominación independiente y/o como núcleo inicial del cargo.,0.91,Anatomista,"Profesionales, científicos e intelectuales",high,1,1,1,TRUE,1,FALSE,FALSE,Anatomista,TRUE,FALSE,FALSE,TRUE,TRUE,TRUE,FALSE
andamiero,7,4309,1,7,1,1,1,1,1,3,TRUE,keep,Título ocupacional explícito: aparece como denominación independiente y/o como núcleo inicial del cargo.,0.91,Andamiero,"Oficiales, operarios, artesanos y trabajadores de ocupaciones afines",high,1,1,1,TRUE,1,FALSE,FALSE,Andamiero,TRUE,FALSE,FALSE,TRUE,TRUE,TRUE,FALSE
anestesiologo,2,1385,1,2,0,1,1,1,1,3,TRUE,keep,Título ocupacional explícito: aparece como denominación independiente y/o como núcleo inicial del cargo.,0.91,Anestesiólogo,"Profesionales, científicos e intelectuales",high,1,1,1,TRUE,1,FALSE,FALSE,Anestesiólogo,TRUE,FALSE,FALSE,TRUE,TRUE,TRUE,FALSE
anestesista,2,1386,1,2,1,0,1,1,1,3,TRUE,keep,Título ocupacional explícito: aparece como denominación independiente y/o como núcleo inicial del cargo.,0.91,Anestesista,"Profesionales, científicos e intelectuales",high,1,1,1,TRUE,1,FALSE,FALSE,Anestesista,TRUE,FALSE,FALSE,TRUE,TRUE,TRUE,FALSE
anticuarista,1,681,1,1,0,1,1,1,1,3,TRUE,keep,Título ocupacional explícito: aparece como denominación independiente y/o como núcleo inicial del cargo.,0.91,Anticuarista,Directores y gerentes,high,1,1,1,TRUE,1,FALSE,FALSE,Anticuarista,TRUE,FALSE,FALSE,TRUE,TRUE,TRUE,FALSE
antipodista,2,2512,1,2,0,0,1,1,1,3,TRUE,keep,Título ocupacional explícito: aparece como denominación independiente y/o como núcleo inicial del cargo.,0.91,Antipodista,"Profesionales, científicos e intelectuales",high,1,1,1,TRUE,1,FALSE,FALSE,Antipodista,TRUE,FALSE,FALSE,TRUE,TRUE,TRUE,FALSE
antropologo,2,2072,1,2,1,1,1,1,1,3,TRUE,keep,Título ocupacional explícito: aparece como denominación independiente y/o como núcleo inicial del cargo.,0.91,Antropólogo,"Profesionales, científicos e intelectuales",high,1,1,1,TRUE,1,FALSE,FALSE,Antropólogo,TRUE,FALSE,FALSE,TRUE,TRUE,TRUE,FALSE
apicultor,6,4164,1,6,1,1,1,1,1,3,TRUE,keep,Título ocupacional explícito: aparece como denominación independiente y/o como núcleo inicial del cargo.,0.91,Apicultor,"Agricultores y trabajadores calificados agropecuarios, forestales y pesqueros",high,1,1,1,TRUE,1,FALSE,FALSE,Apicultor,TRUE,FALSE,FALSE,TRUE,TRUE,TRUE,FALSE
arboricultor,6,4096,1,6,1,1,1,1,1,3,TRUE,keep,Título ocupacional explícito: aparece como denominación independiente y/o como núcleo inicial del cargo.,0.91,Arboricultor,"Agricultores y trabajadores calificados agropecuarios, forestales y pesqueros",high,1,1,1,TRUE,1,FALSE,FALSE,Arboricultor,TRUE,FALSE,FALSE,TRUE,TRUE,TRUE,FALSE
archivista,2,2026,1,2,0,1,1,1,1,3,TRUE,keep,Título ocupacional explícito: aparece como denominación independiente y/o como núcleo inicial del cargo.,0.95,Archivista | Archivista audiovisual | Archivista de documentos históricos,"Profesionales, científicos e intelectuales",high,5,1,1,TRUE,1,FALSE,FALSE,Archivista,TRUE,FALSE,FALSE,TRUE,TRUE,TRUE,FALSE
arpista,2,2297,1,2,0,0,1,1,1,3,TRUE,keep,Título ocupacional explícito: aparece como denominación independiente y/o como núcleo inicial del cargo.,0.91,Arpista,"Profesionales, científicos e intelectuales",high,1,1,1,TRUE,1,FALSE,FALSE,Arpista,TRUE,FALSE,FALSE,TRUE,TRUE,TRUE,FALSE
arponero,6,4227,1,6,0,0,1,1,1,3,TRUE,keep,Título ocupacional explícito: aparece como denominación independiente y/o como núcleo inicial del cargo.,0.91,Arponero,"Agricultores y trabajadores calificados agropecuarios, forestales y pesqueros",high,1,1,1,TRUE,1,FALSE,FALSE,Arponero,TRUE,FALSE,FALSE,TRUE,TRUE,TRUE,FALSE
arqueologo,2,2073,1,2,1,1,1,1,1,3,TRUE,keep,Título ocupacional explícito: aparece como denominación independiente y/o como núcleo inicial del cargo.,0.91,Arqueólogo,"Profesionales, científicos e intelectuales",high,1,1,1,TRUE,1,FALSE,FALSE,Arqueólogo,TRUE,FALSE,FALSE,TRUE,TRUE,TRUE,FALSE
arriero,9,5876,1,9,1,1,1,1,1,3,TRUE,keep,Título ocupacional explícito: aparece como denominación independiente y/o como núcleo inicial del cargo.,0.91,Arriero,Ocupaciones elementales,high,1,1,1,TRUE,1,FALSE,FALSE,Arriero,TRUE,FALSE,FALSE,TRUE,TRUE,TRUE,FALSE
artesana,7,5000,1,7,0,1,0,1,0,1,TRUE,keep,Núcleo de cargo: encabeza denominaciones CUOC del nivel y tiene forma de título ocupacional.,0.88,Artesana de amasijos,"Oficiales, operarios, artesanos y trabajadores de ocupaciones afines",high,1,1,1,FALSE,1,FALSE,FALSE,Artesana,TRUE,FALSE,FALSE,TRUE,TRUE,TRUE,FALSE
asador,5,3805,1,5,1,1,0,1,1,2,TRUE,review,Aparece en un contexto CUOC limitado y no como núcleo del cargo; falta evidencia para mantenerlo o descartarlo automáticamente.,0.55,Parrillero asador carnes,Trabajadores de los servicios y vendedores de comercios y mercados,low,1,1,1,FALSE,0,FALSE,FALSE,asador,FALSE,FALSE,TRUE,TRUE,FALSE,FALSE,FALSE
ascensorista,9,6003,1,9,0,1,1,1,1,3,TRUE,keep,Título ocupacional explícito: aparece como denominación independiente y/o como núcleo inicial del cargo.,0.91,Ascensorista,Ocupaciones elementales,high,1,1,1,TRUE,1,FALSE,FALSE,Ascensorista,TRUE,FALSE,FALSE,TRUE,TRUE,TRUE,FALSE
aseadores,5,3861,1,5,1,1,1,1,1,3,TRUE,review,Aparece en un contexto CUOC limitado y no como núcleo del cargo; falta evidencia para mantenerlo o descartarlo automáticamente.,0.55,Supervisor de aseadores,Trabajadores de los servicios y vendedores de comercios y mercados,low,1,1,1,FALSE,0,FALSE,FALSE,aseadores,FALSE,FALSE,TRUE,TRUE,FALSE,FALSE,FALSE
astillero,7,4293,1,7,0,0,1,0,1,2,TRUE,review,"Término técnico o sectorial repetido, pero funciona como especialidad, objeto, proceso o contexto y puede cruzar niveles.",0.68,Carpintero astillero | Pintor astillero | Electricista astillero,"Oficiales, operarios, artesanos y trabajadores de ocupaciones afines",medium,3,3,3,FALSE,0,FALSE,FALSE,astillero,FALSE,FALSE,TRUE,TRUE,FALSE,FALSE,FALSE
astrofisico,2,748,1,2,1,1,1,1,1,3,TRUE,keep,Título ocupacional explícito: aparece como denominación independiente y/o como núcleo inicial del cargo.,0.91,Astrofísico,"Profesionales, científicos e intelectuales",high,1,1,1,TRUE,1,FALSE,FALSE,Astrofísico,TRUE,FALSE,FALSE,TRUE,TRUE,TRUE,FALSE
astrologo,5,3870,1,5,0,0,1,1,1,3,TRUE,keep,Título ocupacional explícito: aparece como denominación independiente y/o como núcleo inicial del cargo.,0.95,Astrólogo | Astrólogo adivinador,Trabajadores de los servicios y vendedores de comercios y mercados,high,2,1,1,TRUE,1,FALSE,FALSE,Astrólogo,TRUE,FALSE,FALSE,TRUE,TRUE,TRUE,FALSE
astronomo,2,749,1,2,1,1,1,1,1,3,TRUE,keep,Título ocupacional explícito: aparece como denominación independiente y/o como núcleo inicial del cargo.,0.95,Astrónomo | Astrónomo de radio | Físico astrónomo,"Profesionales, científicos e intelectuales",high,3,1,1,TRUE,0.667,FALSE,FALSE,"Astrónomo, astrónomo",TRUE,FALSE,FALSE,TRUE,TRUE,TRUE,FALSE
audiologo,2,1557,1,2,1,1,1,1,1,3,TRUE,keep,Título ocupacional explícito: aparece como denominación independiente y/o como núcleo inicial del cargo.,0.95,Audiólogo | Audiólogo clínico | Audiólogo educativo,"Profesionales, científicos e intelectuales",high,7,1,1,TRUE,1,FALSE,FALSE,Audiólogo,TRUE,FALSE,FALSE,TRUE,TRUE,TRUE,FALSE
audiometrista,2,1560,1,2,1,1,1,1,1,3,TRUE,keep,Título ocupacional explícito: aparece como denominación independiente y/o como núcleo inicial del cargo.,0.91,Audiometrista,"Profesionales, científicos e intelectuales",high,1,1,1,TRUE,1,FALSE,FALSE,Audiometrista,TRUE,FALSE,FALSE,TRUE,TRUE,TRUE,FALSE
avicultor,6,4159,1,6,0,0,1,1,1,3,TRUE,keep,Título ocupacional explícito: aparece como denominación independiente y/o como núcleo inicial del cargo.,0.91,Avicultor,"Agricultores y trabajadores calificados agropecuarios, forestales y pesqueros",high,1,1,1,TRUE,1,FALSE,FALSE,Avicultor,TRUE,FALSE,FALSE,TRUE,TRUE,TRUE,FALSE
azafata,5,3778,1,5,1,1,1,1,1,3,TRUE,keep,Título ocupacional explícito: aparece como denominación independiente y/o como núcleo inicial del cargo.,0.95,Azafata | Azafata aerolínea | Azafata de barco,Trabajadores de los servicios y vendedores de comercios y mercados,high,6,2,2,TRUE,1,FALSE,FALSE,Azafata,TRUE,FALSE,FALSE,TRUE,TRUE,TRUE,FALSE
bacteriologo,2,885,1,2,1,1,1,1,1,3,TRUE,keep,Título ocupacional explícito: aparece como denominación independiente y/o como núcleo inicial del cargo.,0.95,Bacteriólogo | Bacteriólogo de agricultura | Bacteriólogo de alimentos,"Profesionales, científicos e intelectuales",high,12,1,1,TRUE,1,FALSE,FALSE,Bacteriólogo,TRUE,FALSE,FALSE,TRUE,TRUE,TRUE,FALSE
bailarin,2,2380,1,2,0,1,1,1,1,3,TRUE,keep,Título ocupacional explícito: aparece como denominación independiente y/o como núcleo inicial del cargo.,0.95,Bailarín profesional | Bailarín clásico | Bailarín de ballet,"Profesionales, científicos e intelectuales",high,24,1,2,TRUE,1,FALSE,FALSE,"Bailarin, Bailarín",TRUE,FALSE,FALSE,TRUE,TRUE,TRUE,FALSE
bajista,2,2298,1,2,0,0,1,1,1,3,TRUE,keep,Título ocupacional explícito: aparece como denominación independiente y/o como núcleo inicial del cargo.,0.91,Bajista,"Profesionales, científicos e intelectuales",high,1,1,1,TRUE,1,FALSE,FALSE,Bajista,TRUE,FALSE,FALSE,TRUE,TRUE,TRUE,FALSE
bajonista,2,2301,1,2,0,0,1,1,1,3,TRUE,keep,Título ocupacional explícito: aparece como denominación independiente y/o como núcleo inicial del cargo.,0.91,Bajonista,"Profesionales, científicos e intelectuales",high,1,1,1,TRUE,1,FALSE,FALSE,Bajonista,TRUE,FALSE,FALSE,TRUE,TRUE,TRUE,FALSE
balsero,6,4187,1,6,0,0,1,1,1,3,TRUE,keep,Núcleo de cargo: encabeza denominaciones CUOC del nivel y tiene forma de título ocupacional.,0.88,Balsero de transporte de troncos,"Agricultores y trabajadores calificados agropecuarios, forestales y pesqueros",high,1,1,1,FALSE,1,FALSE,FALSE,Balsero,TRUE,FALSE,FALSE,TRUE,TRUE,TRUE,FALSE
barbero,5,3830,1,5,1,1,1,1,1,3,TRUE,keep,Título ocupacional explícito: aparece como denominación independiente y/o como núcleo inicial del cargo.,0.95,Barbero | Peluquero barbero,Trabajadores de los servicios y vendedores de comercios y mercados,high,2,1,1,TRUE,0.5,FALSE,FALSE,"Barbero, barbero",TRUE,FALSE,FALSE,TRUE,TRUE,TRUE,FALSE
barista,5,3827,1,5,1,1,1,1,1,3,TRUE,keep,Título ocupacional explícito: aparece como denominación independiente y/o como núcleo inicial del cargo.,0.91,Barista,Trabajadores de los servicios y vendedores de comercios y mercados,high,1,1,1,TRUE,1,FALSE,FALSE,Barista,TRUE,FALSE,FALSE,TRUE,TRUE,TRUE,FALSE
barman,5,3822,1,5,1,1,1,1,1,3,TRUE,keep,Título ocupacional explícito: aparece como denominación independiente y/o como núcleo inicial del cargo.,0.91,Barman,Trabajadores de los servicios y vendedores de comercios y mercados,high,1,1,1,TRUE,1,FALSE,FALSE,Barman,TRUE,FALSE,FALSE,TRUE,TRUE,TRUE,FALSE
barnizador,7,4416,1,7,0,0,1,1,1,3,TRUE,keep,Título ocupacional explícito: aparece como denominación independiente y/o como núcleo inicial del cargo.,0.95,Barnizador | Barnizador de metales | Barnizador de productos manufacturados,"Oficiales, operarios, artesanos y trabajadores de ocupaciones afines",high,5,1,1,TRUE,1,FALSE,FALSE,Barnizador,TRUE,FALSE,FALSE,TRUE,TRUE,TRUE,FALSE
barquero,8,5824,1,8,1,1,1,1,1,3,TRUE,keep,Título ocupacional explícito: aparece como denominación independiente y/o como núcleo inicial del cargo.,0.91,Barquero,Operadores de instalaciones y máquinas y ensambladores,high,1,1,1,TRUE,1,FALSE,FALSE,Barquero,TRUE,FALSE,FALSE,TRUE,TRUE,TRUE,FALSE
barrendero,9,6000,1,9,0,1,1,1,1,3,TRUE,keep,Título ocupacional explícito: aparece como denominación independiente y/o como núcleo inicial del cargo.,0.95,Barrendero | Barrendero de áreas públicas | Barrendero de calles,Ocupaciones elementales,high,5,1,1,TRUE,0.8,FALSE,FALSE,"Barrendero, barrendero",TRUE,FALSE,FALSE,TRUE,TRUE,TRUE,FALSE
bartender,5,3823,1,5,1,1,1,1,1,3,TRUE,keep,Título ocupacional explícito: aparece como denominación independiente y/o como núcleo inicial del cargo.,0.91,Bartender,Trabajadores de los servicios y vendedores de comercios y mercados,high,1,1,1,TRUE,1,FALSE,FALSE,Bartender,TRUE,FALSE,FALSE,TRUE,TRUE,TRUE,FALSE
basquetbolista,3,3427,1,3,0,0,1,1,1,3,TRUE,keep,Título ocupacional explícito: aparece como denominación independiente y/o como núcleo inicial del cargo.,0.91,Basquetbolista,Técnicos y profesionales de nivel medio,high,1,1,1,TRUE,1,FALSE,FALSE,Basquetbolista,TRUE,FALSE,FALSE,TRUE,TRUE,TRUE,FALSE
baterista,2,2303,1,2,0,1,1,1,1,3,TRUE,keep,Título ocupacional explícito: aparece como denominación independiente y/o como núcleo inicial del cargo.,0.91,Baterista,"Profesionales, científicos e intelectuales",high,1,1,1,TRUE,1,FALSE,FALSE,Baterista,TRUE,FALSE,FALSE,TRUE,TRUE,TRUE,FALSE
beisbolista,3,3428,1,3,0,0,1,1,1,3,TRUE,keep,Título ocupacional explícito: aparece como denominación independiente y/o como núcleo inicial del cargo.,0.91,Beisbolista,Técnicos y profesionales de nivel medio,high,1,1,1,TRUE,1,FALSE,FALSE,Beisbolista,TRUE,FALSE,FALSE,TRUE,TRUE,TRUE,FALSE
bibliografo,2,2054,1,2,0,1,0,1,0,1,TRUE,keep,Título ocupacional explícito: aparece como denominación independiente y/o como núcleo inicial del cargo.,0.91,Bibliógrafo,"Profesionales, científicos e intelectuales",high,1,1,1,TRUE,1,FALSE,FALSE,Bibliógrafo,TRUE,FALSE,FALSE,TRUE,TRUE,TRUE,FALSE
bibliotecaria,2,2065,1,2,0,1,1,1,1,3,TRUE,review,Aparece en un contexto CUOC limitado y no como núcleo del cargo; falta evidencia para mantenerlo o descartarlo automáticamente.,0.55,Coordinador de cultura bibliotecaria,"Profesionales, científicos e intelectuales",low,1,1,1,FALSE,0,FALSE,FALSE,bibliotecaria,FALSE,FALSE,TRUE,TRUE,FALSE,FALSE,FALSE
bioanalista,2,890,1,2,1,1,1,1,1,3,TRUE,keep,Título ocupacional explícito: aparece como denominación independiente y/o como núcleo inicial del cargo.,0.91,Bioanalista,"Profesionales, científicos e intelectuales",high,1,1,1,TRUE,1,FALSE,FALSE,Bioanalista,TRUE,FALSE,FALSE,TRUE,TRUE,TRUE,FALSE
bioestadistico,2,864,1,2,1,1,1,1,1,3,TRUE,keep,Título ocupacional explícito: aparece como denominación independiente y/o como núcleo inicial del cargo.,0.91,Bioestadístico,"Profesionales, científicos e intelectuales",high,1,1,1,TRUE,1,FALSE,FALSE,Bioestadístico,TRUE,FALSE,FALSE,TRUE,TRUE,TRUE,FALSE
biofisico,2,891,1,2,1,1,1,1,1,3,TRUE,keep,Título ocupacional explícito: aparece como denominación independiente y/o como núcleo inicial del cargo.,0.95,Biofísico | Biofísico molecular,"Profesionales, científicos e intelectuales",high,2,1,1,TRUE,1,FALSE,FALSE,Biofísico,TRUE,FALSE,FALSE,TRUE,TRUE,TRUE,FALSE
bioingeniero,2,1143,1,2,1,1,1,1,1,3,TRUE,keep,Título ocupacional explícito: aparece como denominación independiente y/o como núcleo inicial del cargo.,0.91,Bioingeniero,"Profesionales, científicos e intelectuales",high,1,1,1,TRUE,1,FALSE,FALSE,Bioingeniero,TRUE,FALSE,FALSE,TRUE,TRUE,TRUE,FALSE
biologo,2,892,1,2,1,1,1,1,1,3,TRUE,keep,Título ocupacional explícito: aparece como denominación independiente y/o como núcleo inicial del cargo.,0.95,Biólogo | Biólogo de genética | Biólogo de hidrobiología,"Profesionales, científicos e intelectuales",high,7,1,1,TRUE,1,FALSE,FALSE,Biólogo,TRUE,FALSE,FALSE,TRUE,TRUE,TRUE,FALSE
biomedica,3,2625,1,3,1,0,1,1,1,3,TRUE,review,"Término técnico o sectorial repetido, pero funciona como especialidad, objeto, proceso o contexto y puede cruzar niveles.",0.68,Técnico electrónico en biomédica | Técnico mecánico de biomédica,Técnicos y profesionales de nivel medio,medium,2,2,2,FALSE,0,FALSE,FALSE,biomédica,FALSE,FALSE,TRUE,TRUE,FALSE,FALSE,FALSE
biomedico,2,928,1,2,1,1,1,1,1,3,TRUE,review,"Término técnico o sectorial repetido, pero funciona como especialidad, objeto, proceso o contexto y puede cruzar niveles.",0.68,Investigador biomédico | Ingeniero biomédico | Ingeniero de mantenimiento de equipo biomédico,"Profesionales, científicos e intelectuales",medium,3,2,2,FALSE,0,FALSE,FALSE,biomédico,FALSE,FALSE,TRUE,TRUE,FALSE,FALSE,FALSE
biomedicos,3,2626,1,3,1,0,1,1,1,3,TRUE,review,Aparece en un contexto CUOC limitado y no como núcleo del cargo; falta evidencia para mantenerlo o descartarlo automáticamente.,0.55,Tecnólogo equipos biomédicos,Técnicos y profesionales de nivel medio,low,1,1,1,FALSE,0,FALSE,FALSE,biomédicos,FALSE,FALSE,TRUE,TRUE,FALSE,FALSE,FALSE
biometrista,2,865,1,2,1,1,1,1,1,3,TRUE,keep,Título ocupacional explícito: aparece como denominación independiente y/o como núcleo inicial del cargo.,0.91,Biometrista,"Profesionales, científicos e intelectuales",high,1,1,1,TRUE,1,FALSE,FALSE,Biometrista,TRUE,FALSE,FALSE,TRUE,TRUE,TRUE,FALSE
bionergetico,2,1495,1,2,0,0,1,1,1,3,TRUE,review,Aparece en un contexto CUOC limitado y no como núcleo del cargo; falta evidencia para mantenerlo o descartarlo automáticamente.,0.55,Terapeuta bionergético,"Profesionales, científicos e intelectuales",low,1,1,1,FALSE,0,FALSE,FALSE,bionergético,FALSE,FALSE,TRUE,TRUE,FALSE,FALSE,FALSE
bioquimico,2,896,1,2,1,1,1,1,1,3,TRUE,keep,Título ocupacional explícito: aparece como denominación independiente y/o como núcleo inicial del cargo.,0.91,Bioquímico,"Profesionales, científicos e intelectuales",high,1,1,1,TRUE,1,FALSE,FALSE,Bioquímico,TRUE,FALSE,FALSE,TRUE,TRUE,TRUE,FALSE
biotecnologia,2,1144,1,2,1,0,1,0,1,2,TRUE,review,Aparece en un contexto CUOC limitado y no como núcleo del cargo; falta evidencia para mantenerlo o descartarlo automáticamente.,0.55,Ingeniero de biotecnología,"Profesionales, científicos e intelectuales",low,1,1,1,FALSE,0,FALSE,FALSE,biotecnología,FALSE,FALSE,TRUE,TRUE,FALSE,FALSE,FALSE
biotecnologo,2,897,1,2,1,1,1,1,1,3,TRUE,keep,Título ocupacional explícito: aparece como denominación independiente y/o como núcleo inicial del cargo.,0.91,Biotecnólogo,"Profesionales, científicos e intelectuales",high,1,1,1,TRUE,1,FALSE,FALSE,Biotecnólogo,TRUE,FALSE,FALSE,TRUE,TRUE,TRUE,FALSE
bizcochero,7,5003,1,7,1,1,0,1,1,2,TRUE,keep,Título ocupacional explícito: aparece como denominación independiente y/o como núcleo inicial del cargo.,0.95,Bizcochero | Panadero bizcochero,"Oficiales, operarios, artesanos y trabajadores de ocupaciones afines",high,2,1,1,TRUE,0.5,FALSE,FALSE,"Bizcochero, bizcochero",TRUE,FALSE,FALSE,TRUE,TRUE,TRUE,FALSE
bordadora,8,5464,1,8,0,1,0,1,0,1,TRUE,review,"Término técnico o sectorial repetido, pero funciona como especialidad, objeto, proceso o contexto y puede cruzar niveles.",0.68,Operador de máquina bordadora de textiles | Operador de máquina bordadora | Operador de máquina bordadora de confección,Operadores de instalaciones y máquinas y ensambladores,medium,5,2,2,FALSE,0,FALSE,FALSE,bordadora,FALSE,FALSE,TRUE,TRUE,FALSE,FALSE,FALSE
botanico,2,898,1,2,1,0,1,1,1,3,TRUE,keep,Título ocupacional explícito: aparece como denominación independiente y/o como núcleo inicial del cargo.,0.95,Botánico | Botánico de taxonomía,"Profesionales, científicos e intelectuales",high,2,1,1,TRUE,1,FALSE,FALSE,Botánico,TRUE,FALSE,FALSE,TRUE,TRUE,TRUE,FALSE
boticario,2,1526,1,2,0,1,1,1,1,3,TRUE,keep,Título ocupacional explícito: aparece como denominación independiente y/o como núcleo inicial del cargo.,0.91,Boticario,"Profesionales, científicos e intelectuales",high,1,1,1,TRUE,1,FALSE,FALSE,Boticario,TRUE,FALSE,FALSE,TRUE,TRUE,TRUE,FALSE
boxeador,3,3429,1,3,0,0,1,1,1,3,TRUE,keep,Título ocupacional explícito: aparece como denominación independiente y/o como núcleo inicial del cargo.,0.91,Boxeador,Técnicos y profesionales de nivel medio,high,1,1,1,TRUE,1,FALSE,FALSE,Boxeador,TRUE,FALSE,FALSE,TRUE,TRUE,TRUE,FALSE
boyero,9,5879,1,9,0,1,0,1,0,1,TRUE,keep,Título ocupacional explícito: aparece como denominación independiente y/o como núcleo inicial del cargo.,0.91,Boyero,Ocupaciones elementales,high,1,1,1,TRUE,1,FALSE,FALSE,Boyero,TRUE,FALSE,FALSE,TRUE,TRUE,TRUE,FALSE
bracero,9,5855,1,9,1,1,0,1,1,2,TRUE,keep,Título ocupacional explícito: aparece como denominación independiente y/o como núcleo inicial del cargo.,0.95,Bracero agrícola | Bracero,Ocupaciones elementales,high,2,2,2,TRUE,1,FALSE,FALSE,Bracero,TRUE,FALSE,FALSE,TRUE,TRUE,TRUE,FALSE
brillador,7,4584,1,7,0,0,1,1,1,3,TRUE,keep,Núcleo de cargo: encabeza denominaciones CUOC del nivel y tiene forma de título ocupacional.,0.88,Brillador metales,"Oficiales, operarios, artesanos y trabajadores de ocupaciones afines",high,1,1,1,FALSE,1,FALSE,FALSE,Brillador,TRUE,FALSE,FALSE,TRUE,TRUE,TRUE,FALSE
butifarrero,7,4967,1,7,1,1,1,1,1,3,TRUE,keep,Título ocupacional explícito: aparece como denominación independiente y/o como núcleo inicial del cargo.,0.91,Butifarrero,"Oficiales, operarios, artesanos y trabajadores de ocupaciones afines",high,1,1,1,TRUE,1,FALSE,FALSE,Butifarrero,TRUE,FALSE,FALSE,TRUE,TRUE,TRUE,FALSE
caddie,9,6021,1,9,0,1,0,1,0,1,TRUE,keep,Núcleo de cargo: encabeza denominaciones CUOC del nivel y tiene forma de título ocupacional.,0.93,Caddie de golf | Caddie de tenis,Ocupaciones elementales,high,2,1,1,FALSE,1,FALSE,FALSE,Caddie,TRUE,FALSE,FALSE,TRUE,TRUE,TRUE,FALSE
cadete,0,10,1,0,1,0,1,0,1,2,TRUE,keep,Núcleo de cargo: encabeza denominaciones CUOC del nivel y tiene forma de título ocupacional.,0.93,Cadete de la fuerza aérea | Cadete de las fuerzas armadas | Cadete del ejercito nacional,Ocupaciones de las fuerzas militares,high,3,1,1,FALSE,1,FALSE,FALSE,Cadete,TRUE,FALSE,FALSE,TRUE,TRUE,TRUE,FALSE
caficultor,6,4097,1,6,1,1,1,1,1,3,TRUE,keep,Título ocupacional explícito: aparece como denominación independiente y/o como núcleo inicial del cargo.,0.91,Caficultor,"Agricultores y trabajadores calificados agropecuarios, forestales y pesqueros",high,1,1,1,TRUE,1,FALSE,FALSE,Caficultor,TRUE,FALSE,FALSE,TRUE,TRUE,TRUE,FALSE
caldereros,3,2770,1,3,0,0,1,1,1,3,TRUE,review,Aparece en un contexto CUOC limitado y no como núcleo del cargo; falta evidencia para mantenerlo o descartarlo automáticamente.,0.55,Supervisor de caldereros,Técnicos y profesionales de nivel medio,low,1,1,1,FALSE,0,FALSE,FALSE,caldereros,FALSE,FALSE,TRUE,TRUE,FALSE,FALSE,FALSE
calderista,8,5640,1,8,0,1,1,1,1,3,TRUE,keep,Título ocupacional explícito: aparece como denominación independiente y/o como núcleo inicial del cargo.,0.91,Calderista,Operadores de instalaciones y máquinas y ensambladores,high,1,1,1,TRUE,1,FALSE,FALSE,Calderista,TRUE,FALSE,FALSE,TRUE,TRUE,TRUE,FALSE
camarera,9,5841,1,9,1,1,1,1,1,3,TRUE,keep,Núcleo de cargo: encabeza denominaciones CUOC del nivel y tiene forma de título ocupacional.,0.93,Camarera de habitaciones | Camarera de hotel,Ocupaciones elementales,high,2,1,1,FALSE,1,FALSE,FALSE,Camarera,TRUE,FALSE,FALSE,TRUE,TRUE,TRUE,FALSE
camareras,5,3859,1,5,1,1,1,1,1,3,TRUE,review,Aparece en un contexto CUOC limitado y no como núcleo del cargo; falta evidencia para mantenerlo o descartarlo automáticamente.,0.55,Jefe de camareras de hotel,Trabajadores de los servicios y vendedores de comercios y mercados,low,1,1,1,FALSE,0,FALSE,FALSE,camareras,FALSE,FALSE,TRUE,TRUE,FALSE,FALSE,FALSE
camareros,5,3819,1,5,1,1,1,1,1,3,TRUE,review,Aparece en un contexto CUOC limitado y no como núcleo del cargo; falta evidencia para mantenerlo o descartarlo automáticamente.,0.55,Jefe de camareros,Trabajadores de los servicios y vendedores de comercios y mercados,low,1,1,1,FALSE,0,FALSE,FALSE,camareros,FALSE,FALSE,TRUE,TRUE,FALSE,FALSE,FALSE
camarografo,3,3556,1,3,1,1,1,1,1,3,TRUE,keep,Título ocupacional explícito: aparece como denominación independiente y/o como núcleo inicial del cargo.,0.95,Camarógrafo | Camarógrafo de cine | Camarógrafo de estudio,Técnicos y profesionales de nivel medio,high,7,1,1,TRUE,1,FALSE,FALSE,Camarógrafo,TRUE,FALSE,FALSE,TRUE,TRUE,TRUE,FALSE
camillero,5,3989,1,5,0,1,0,1,0,1,TRUE,keep,Título ocupacional explícito: aparece como denominación independiente y/o como núcleo inicial del cargo.,0.91,Camillero,Trabajadores de los servicios y vendedores de comercios y mercados,high,1,1,1,TRUE,1,FALSE,FALSE,Camillero,TRUE,FALSE,FALSE,TRUE,TRUE,TRUE,FALSE
camionero,8,5738,1,8,1,1,1,1,1,3,TRUE,keep,Título ocupacional explícito: aparece como denominación independiente y/o como núcleo inicial del cargo.,0.91,Camionero,Operadores de instalaciones y máquinas y ensambladores,high,1,1,1,TRUE,1,FALSE,FALSE,Camionero,TRUE,FALSE,FALSE,TRUE,TRUE,TRUE,FALSE
cantante,2,2305,1,2,0,1,1,1,1,3,TRUE,keep,Título ocupacional explícito: aparece como denominación independiente y/o como núcleo inicial del cargo.,0.95,Cantante | Cantante bajo | Cantante barítono,"Profesionales, científicos e intelectuales",high,21,1,2,TRUE,0.905,FALSE,FALSE,"Cantante, cantante",TRUE,FALSE,FALSE,TRUE,TRUE,TRUE,FALSE
cantautor,2,2368,1,2,0,1,0,1,0,1,TRUE,keep,Título ocupacional explícito: aparece como denominación independiente y/o como núcleo inicial del cargo.,0.91,Cantautor,"Profesionales, científicos e intelectuales",high,1,1,1,TRUE,1,FALSE,FALSE,Cantautor,TRUE,FALSE,FALSE,TRUE,TRUE,TRUE,FALSE
cantinero,5,3824,1,5,1,1,1,1,1,3,TRUE,keep,Título ocupacional explícito: aparece como denominación independiente y/o como núcleo inicial del cargo.,0.91,Cantinero,Trabajadores de los servicios y vendedores de comercios y mercados,high,1,1,1,TRUE,1,FALSE,FALSE,Cantinero,TRUE,FALSE,FALSE,TRUE,TRUE,TRUE,FALSE
capellan,2,2137,1,2,0,0,1,1,1,3,TRUE,keep,Título ocupacional explícito: aparece como denominación independiente y/o como núcleo inicial del cargo.,0.91,Capellán,"Profesionales, científicos e intelectuales",high,1,1,1,TRUE,1,FALSE,FALSE,Capellán,TRUE,FALSE,FALSE,TRUE,TRUE,TRUE,FALSE
cardenal,2,2138,1,2,0,0,1,1,1,3,TRUE,keep,Título ocupacional explícito: aparece como denominación independiente y/o como núcleo inicial del cargo.,0.91,Cardenal,"Profesionales, científicos e intelectuales",high,1,1,1,TRUE,1,FALSE,FALSE,Cardenal,TRUE,FALSE,FALSE,TRUE,TRUE,TRUE,FALSE
cardiologo,2,1387,1,2,1,1,1,1,1,3,TRUE,keep,Título ocupacional explícito: aparece como denominación independiente y/o como núcleo inicial del cargo.,0.95,Cardiólogo | Cardiólogo intervencionista,"Profesionales, científicos e intelectuales",high,2,1,1,TRUE,1,FALSE,FALSE,Cardiólogo,TRUE,FALSE,FALSE,TRUE,TRUE,TRUE,FALSE
carguero,9,5875,1,9,1,1,0,1,1,2,TRUE,keep,Núcleo de cargo: encabeza denominaciones CUOC del nivel y tiene forma de título ocupacional.,0.88,Carguero agrícola,Ocupaciones elementales,high,1,1,1,FALSE,1,FALSE,FALSE,Carguero,TRUE,FALSE,FALSE,TRUE,TRUE,TRUE,FALSE
caricaturista,2,2290,1,2,0,1,1,1,1,3,TRUE,keep,Título ocupacional explícito: aparece como denominación independiente y/o como núcleo inicial del cargo.,0.95,Caricaturista | Caricaturista y dibujante cómico e historietista | Dibujante caricaturista,"Profesionales, científicos e intelectuales",high,3,1,1,TRUE,0.667,FALSE,FALSE,"Caricaturista, caricaturista",TRUE,FALSE,FALSE,TRUE,TRUE,TRUE,FALSE
carnicero,7,4968,1,7,1,1,1,1,1,3,TRUE,keep,Título ocupacional explícito: aparece como denominación independiente y/o como núcleo inicial del cargo.,0.95,Carnicero | Carnicero industrial | Carnicero matarife,"Oficiales, operarios, artesanos y trabajadores de ocupaciones afines",high,5,1,1,TRUE,0.8,FALSE,FALSE,"Carnicero, carnicero",TRUE,FALSE,FALSE,TRUE,TRUE,TRUE,FALSE
carpintero,7,4291,1,7,1,1,1,1,1,3,TRUE,keep,Título ocupacional explícito: aparece como denominación independiente y/o como núcleo inicial del cargo.,0.95,Carpintero | Carpintero armador de puentes y embarcaderos | Carpintero astillero,"Oficiales, operarios, artesanos y trabajadores de ocupaciones afines",high,23,1,1,TRUE,1,FALSE,FALSE,Carpintero,TRUE,FALSE,FALSE,TRUE,TRUE,TRUE,FALSE
carrocero,7,4481,1,7,0,0,1,1,1,3,TRUE,keep,Título ocupacional explícito: aparece como denominación independiente y/o como núcleo inicial del cargo.,0.91,Carrocero,"Oficiales, operarios, artesanos y trabajadores de ocupaciones afines",high,1,1,1,TRUE,1,FALSE,FALSE,Carrocero,TRUE,FALSE,FALSE,TRUE,TRUE,TRUE,FALSE
cartero,4,3754,1,4,0,0,1,1,1,3,TRUE,keep,Título ocupacional explícito: aparece como denominación independiente y/o como núcleo inicial del cargo.,0.95,Cartero | Cartero mensajero,Personal de apoyo administrativo,high,2,1,1,TRUE,1,FALSE,FALSE,Cartero,TRUE,FALSE,FALSE,TRUE,TRUE,TRUE,FALSE
cartonero,9,5994,1,9,0,1,1,1,1,3,TRUE,keep,Núcleo de cargo: encabeza denominaciones CUOC del nivel y tiene forma de título ocupacional.,0.88,Cartonero reciclador,Ocupaciones elementales,high,1,1,1,FALSE,1,FALSE,FALSE,Cartonero,TRUE,FALSE,FALSE,TRUE,TRUE,TRUE,FALSE
cazador,6,4229,1,6,0,0,1,1,1,3,TRUE,keep,Título ocupacional explícito: aparece como denominación independiente y/o como núcleo inicial del cargo.,0.95,Cazador | Cazador de focas | Cazador de zorros,"Agricultores y trabajadores calificados agropecuarios, forestales y pesqueros",high,5,2,2,TRUE,0.8,FALSE,FALSE,"Cazador, cazador",TRUE,FALSE,FALSE,TRUE,TRUE,TRUE,FALSE
celador,5,4014,1,5,0,1,1,1,1,3,TRUE,keep,Título ocupacional explícito: aparece como denominación independiente y/o como núcleo inicial del cargo.,0.91,Celador,Trabajadores de los servicios y vendedores de comercios y mercados,high,1,1,1,TRUE,1,FALSE,FALSE,Celador,TRUE,FALSE,FALSE,TRUE,TRUE,TRUE,FALSE
cementista,7,4279,1,7,0,0,1,1,1,3,TRUE,keep,Título ocupacional explícito: aparece como denominación independiente y/o como núcleo inicial del cargo.,0.95,Cementista | Cementista de hormigón armado | Cementista de trabajados de acabado,"Oficiales, operarios, artesanos y trabajadores de ocupaciones afines",high,3,1,1,TRUE,1,FALSE,FALSE,Cementista,TRUE,FALSE,FALSE,TRUE,TRUE,TRUE,FALSE
censador,6,4067,1,6,0,0,1,1,1,3,TRUE,keep,Núcleo de cargo: encabeza denominaciones CUOC del nivel y tiene forma de título ocupacional.,0.93,Censador de enfermedades | Censador de plagas | Censador de plagas y enfermedades,"Agricultores y trabajadores calificados agropecuarios, forestales y pesqueros",high,3,1,1,FALSE,1,FALSE,FALSE,Censador,TRUE,FALSE,FALSE,TRUE,TRUE,TRUE,FALSE
ceramista,7,4667,1,7,0,1,1,1,1,3,TRUE,keep,Título ocupacional explícito: aparece como denominación independiente y/o como núcleo inicial del cargo.,0.95,Artesano ceramista | Ceramista | Ceramista matricero,"Oficiales, operarios, artesanos y trabajadores de ocupaciones afines",high,5,1,1,TRUE,0.8,FALSE,FALSE,"Ceramista, ceramista",TRUE,FALSE,FALSE,TRUE,TRUE,TRUE,FALSE
cerrajero,7,4518,1,7,1,1,1,1,1,3,TRUE,keep,Título ocupacional explícito: aparece como denominación independiente y/o como núcleo inicial del cargo.,0.95,Cerrajero | Cerrajero de fabricación de puertas y ventanas | Cerrajero de llaves y cerraduras,"Oficiales, operarios, artesanos y trabajadores de ocupaciones afines",high,3,1,1,TRUE,1,FALSE,FALSE,Cerrajero,TRUE,FALSE,FALSE,TRUE,TRUE,TRUE,FALSE
chaman,3,3124,1,3,0,1,1,1,1,3,TRUE,keep,Título ocupacional explícito: aparece como denominación independiente y/o como núcleo inicial del cargo.,0.91,Chaman,Técnicos y profesionales de nivel medio,high,1,1,1,TRUE,1,FALSE,FALSE,Chaman,TRUE,FALSE,FALSE,TRUE,TRUE,TRUE,FALSE
chapeador,7,5097,1,7,0,1,0,1,0,1,TRUE,keep,Núcleo de cargo: encabeza denominaciones CUOC del nivel y tiene forma de título ocupacional.,0.88,Chapeador de muebles de madera,"Oficiales, operarios, artesanos y trabajadores de ocupaciones afines",high,1,1,1,FALSE,1,FALSE,FALSE,Chapeador,TRUE,FALSE,FALSE,TRUE,TRUE,TRUE,FALSE
chapista,7,4477,1,7,1,1,1,1,1,3,TRUE,keep,Título ocupacional explícito: aparece como denominación independiente y/o como núcleo inicial del cargo.,0.95,Chapista | Chapista calderero | Chapista de ornamentación,"Oficiales, operarios, artesanos y trabajadores de ocupaciones afines",high,4,1,2,TRUE,1,FALSE,FALSE,Chapista,TRUE,FALSE,FALSE,TRUE,TRUE,TRUE,FALSE
chatarrero,9,5998,1,9,0,1,1,1,1,3,TRUE,keep,Título ocupacional explícito: aparece como denominación independiente y/o como núcleo inicial del cargo.,0.91,Chatarrero,Ocupaciones elementales,high,1,1,1,TRUE,1,FALSE,FALSE,Chatarrero,TRUE,FALSE,FALSE,TRUE,TRUE,TRUE,FALSE
chocolatero,7,5004,1,7,1,1,1,1,1,3,TRUE,keep,Título ocupacional explícito: aparece como denominación independiente y/o como núcleo inicial del cargo.,0.91,Chocolatero,"Oficiales, operarios, artesanos y trabajadores de ocupaciones afines",high,1,1,1,TRUE,1,FALSE,FALSE,Chocolatero,TRUE,FALSE,FALSE,TRUE,TRUE,TRUE,FALSE
chofer,8,5713,1,8,0,1,1,1,1,3,TRUE,keep,Núcleo de cargo: encabeza denominaciones CUOC del nivel y tiene forma de título ocupacional.,0.93,Chofer particular | Chofer de bus,Operadores de instalaciones y máquinas y ensambladores,high,2,2,2,FALSE,1,FALSE,FALSE,Chofer,TRUE,FALSE,FALSE,TRUE,TRUE,TRUE,FALSE
ciclista,3,3430,1,3,0,0,1,1,1,3,TRUE,keep,Título ocupacional explícito: aparece como denominación independiente y/o como núcleo inicial del cargo.,0.95,Ciclista | Ciclista de carreras,Técnicos y profesionales de nivel medio,high,2,1,1,TRUE,1,FALSE,FALSE,Ciclista,TRUE,FALSE,FALSE,TRUE,TRUE,TRUE,FALSE
cincelador,7,4868,1,7,1,1,1,1,1,3,TRUE,review,"Término técnico o sectorial repetido, pero funciona como especialidad, objeto, proceso o contexto y puede cruzar niveles.",0.68,Cincelador de joyería | Cincelador orfebre | Artesano cincelador,"Oficiales, operarios, artesanos y trabajadores de ocupaciones afines",medium,3,3,3,FALSE,0.667,FALSE,FALSE,"Cincelador, cincelador",FALSE,FALSE,TRUE,TRUE,FALSE,FALSE,FALSE
cineclubista,3,3281,1,3,0,0,1,1,1,3,TRUE,keep,Título ocupacional explícito: aparece como denominación independiente y/o como núcleo inicial del cargo.,0.91,Cineclubista,Técnicos y profesionales de nivel medio,high,1,1,1,TRUE,1,FALSE,FALSE,Cineclubista,TRUE,FALSE,FALSE,TRUE,TRUE,TRUE,FALSE
cirujano,2,1389,1,2,1,1,1,1,1,3,TRUE,keep,Título ocupacional explícito: aparece como denominación independiente y/o como núcleo inicial del cargo.,0.95,Cirujano | Cirujano cardiotorácico | Cirujano de cardiología,"Profesionales, científicos e intelectuales",high,21,3,3,TRUE,0.905,FALSE,FALSE,"Cirujano, cirujano",TRUE,FALSE,FALSE,TRUE,TRUE,TRUE,FALSE
citohistotecnologo,3,3087,1,3,0,0,1,1,1,3,TRUE,keep,Título ocupacional explícito: aparece como denominación independiente y/o como núcleo inicial del cargo.,0.91,Citohistotecnólogo,Técnicos y profesionales de nivel medio,high,1,1,1,TRUE,1,FALSE,FALSE,Citohistotecnólogo,TRUE,FALSE,FALSE,TRUE,TRUE,TRUE,FALSE
citologo,2,901,1,2,1,1,1,1,1,3,TRUE,keep,Título ocupacional explícito: aparece como denominación independiente y/o como núcleo inicial del cargo.,0.95,Citólogo | Citólogo de botánica | Citólogo de zoología,"Profesionales, científicos e intelectuales",high,3,1,1,TRUE,1,FALSE,FALSE,Citólogo,TRUE,FALSE,FALSE,TRUE,TRUE,TRUE,FALSE
citotecnologo,3,3088,1,3,0,0,1,1,1,3,TRUE,keep,Título ocupacional explícito: aparece como denominación independiente y/o como núcleo inicial del cargo.,0.91,Citotecnólogo,Técnicos y profesionales de nivel medio,high,1,1,1,TRUE,1,FALSE,FALSE,Citotecnólogo,TRUE,FALSE,FALSE,TRUE,TRUE,TRUE,FALSE
clarinetista,2,2317,1,2,0,1,1,1,1,3,TRUE,keep,Título ocupacional explícito: aparece como denominación independiente y/o como núcleo inicial del cargo.,0.91,Clarinetista,"Profesionales, científicos e intelectuales",high,1,1,1,TRUE,1,FALSE,FALSE,Clarinetista,TRUE,FALSE,FALSE,TRUE,TRUE,TRUE,FALSE
climatologo,2,778,1,2,1,1,1,1,1,3,TRUE,keep,Título ocupacional explícito: aparece como denominación independiente y/o como núcleo inicial del cargo.,0.91,Climatólogo,"Profesionales, científicos e intelectuales",high,1,1,1,TRUE,1,FALSE,FALSE,Climatólogo,TRUE,FALSE,FALSE,TRUE,TRUE,TRUE,FALSE
cobresoldador,7,4443,1,7,0,0,1,1,1,3,TRUE,keep,Título ocupacional explícito: aparece como denominación independiente y/o como núcleo inicial del cargo.,0.95,Cobresoldador | Cobresoldador con soplete | Cobresoldador de horno,"Oficiales, operarios, artesanos y trabajadores de ocupaciones afines",high,4,1,1,TRUE,1,FALSE,FALSE,Cobresoldador,TRUE,FALSE,FALSE,TRUE,TRUE,TRUE,FALSE
cochero,9,5894,1,9,0,1,0,1,0,1,TRUE,keep,Núcleo de cargo: encabeza denominaciones CUOC del nivel y tiene forma de título ocupacional.,0.93,Cochero de minería | Cochero guía de turismo | Cochero informador turístico,Ocupaciones elementales,high,3,2,2,FALSE,1,FALSE,FALSE,Cochero,TRUE,FALSE,FALSE,TRUE,TRUE,TRUE,FALSE
cocinera,5,3807,1,5,1,1,1,1,1,3,TRUE,keep,Núcleo de cargo: encabeza denominaciones CUOC del nivel y tiene forma de título ocupacional.,0.88,Cocinera tradicional,Trabajadores de los servicios y vendedores de comercios y mercados,high,1,1,1,FALSE,1,FALSE,FALSE,Cocinera,TRUE,FALSE,FALSE,TRUE,TRUE,TRUE,FALSE
coctelero,5,3825,1,5,1,1,1,1,1,3,TRUE,keep,Título ocupacional explícito: aparece como denominación independiente y/o como núcleo inicial del cargo.,0.91,Coctelero,Trabajadores de los servicios y vendedores de comercios y mercados,high,1,1,1,TRUE,1,FALSE,FALSE,Coctelero,TRUE,FALSE,FALSE,TRUE,TRUE,TRUE,FALSE
codicologo,2,2057,1,2,0,1,1,1,1,3,TRUE,keep,Núcleo de cargo: encabeza denominaciones CUOC del nivel y tiene forma de título ocupacional.,0.88,Codicólogo de biblioteca,"Profesionales, científicos e intelectuales",high,1,1,1,FALSE,1,FALSE,FALSE,Codicólogo,TRUE,FALSE,FALSE,TRUE,TRUE,TRUE,FALSE
colchonero,7,5141,1,7,0,0,1,1,1,3,TRUE,keep,Título ocupacional explícito: aparece como denominación independiente y/o como núcleo inicial del cargo.,0.91,Colchonero,"Oficiales, operarios, artesanos y trabajadores de ocupaciones afines",high,1,1,1,TRUE,1,FALSE,FALSE,Colchonero,TRUE,FALSE,FALSE,TRUE,TRUE,TRUE,FALSE
columnista,2,2225,1,2,0,1,0,1,0,1,TRUE,keep,Título ocupacional explícito: aparece como denominación independiente y/o como núcleo inicial del cargo.,0.91,Columnista,"Profesionales, científicos e intelectuales",high,1,1,1,TRUE,1,FALSE,FALSE,Columnista,TRUE,FALSE,FALSE,TRUE,TRUE,TRUE,FALSE
comediante,2,2529,1,2,0,1,1,1,1,3,TRUE,keep,Título ocupacional explícito: aparece como denominación independiente y/o como núcleo inicial del cargo.,0.95,Comediante | Comediante en vivo,"Profesionales, científicos e intelectuales",high,2,1,1,TRUE,1,FALSE,FALSE,Comediante,TRUE,FALSE,FALSE,TRUE,TRUE,TRUE,FALSE
comentarista,2,2226,1,2,0,1,0,1,0,1,TRUE,keep,Núcleo de cargo: encabeza denominaciones CUOC del nivel y tiene forma de título ocupacional.,0.93,Comentarista de actualidad | Comentarista de cine | Comentarista de deportes,"Profesionales, científicos e intelectuales",high,7,1,1,FALSE,1,FALSE,FALSE,Comentarista,TRUE,FALSE,FALSE,TRUE,TRUE,TRUE,FALSE
comunicador,2,1310,1,2,0,1,0,1,0,1,TRUE,keep,Núcleo de cargo: encabeza denominaciones CUOC del nivel y tiene forma de título ocupacional.,0.93,Comunicador gráfico | Comunicador visual | Comunicador técnico de manuales,"Profesionales, científicos e intelectuales",high,4,3,3,FALSE,1,FALSE,FALSE,Comunicador,TRUE,FALSE,FALSE,TRUE,TRUE,TRUE,FALSE
confitero,7,5005,1,7,1,1,1,1,1,3,TRUE,keep,Título ocupacional explícito: aparece como denominación independiente y/o como núcleo inicial del cargo.,0.95,Confitero | Confitero de amasijos y dulces tradicionales,"Oficiales, operarios, artesanos y trabajadores de ocupaciones afines",high,2,1,1,TRUE,1,FALSE,FALSE,Confitero,TRUE,FALSE,FALSE,TRUE,TRUE,TRUE,FALSE
conjurador,2,2530,1,2,0,0,1,1,1,3,TRUE,review,"Puede funcionar como título ocupacional, pero aislado es polisémico o demasiado transversal; conviene revisar falsos positivos.",0.62,Conjurador,"Profesionales, científicos e intelectuales",low,1,1,1,TRUE,1,FALSE,FALSE,Conjurador,FALSE,FALSE,TRUE,TRUE,FALSE,FALSE,FALSE
conserje,5,3867,1,5,1,1,1,1,1,3,TRUE,keep,Título ocupacional explícito: aparece como denominación independiente y/o como núcleo inicial del cargo.,0.95,Conserje | Conserje de edificio,Trabajadores de los servicios y vendedores de comercios y mercados,high,2,1,1,TRUE,1,FALSE,FALSE,Conserje,TRUE,FALSE,FALSE,TRUE,TRUE,TRUE,FALSE
conserjeria,5,3862,1,5,1,1,1,1,1,3,TRUE,review,Aparece en un contexto CUOC limitado y no como núcleo del cargo; falta evidencia para mantenerlo o descartarlo automáticamente.,0.55,Supervisor de conserjería,Trabajadores de los servicios y vendedores de comercios y mercados,low,1,1,1,FALSE,0,FALSE,FALSE,conserjería,FALSE,FALSE,TRUE,TRUE,FALSE,FALSE,FALSE
conservacionista,2,987,1,2,0,0,1,1,1,3,TRUE,keep,Núcleo de cargo: encabeza denominaciones CUOC del nivel y tiene forma de título ocupacional.,0.88,Conservacionista del suelo,"Profesionales, científicos e intelectuales",high,1,1,1,FALSE,1,FALSE,FALSE,Conservacionista,TRUE,FALSE,FALSE,TRUE,TRUE,TRUE,FALSE
contorsionista,2,2531,1,2,0,1,1,1,1,3,TRUE,keep,Título ocupacional explícito: aparece como denominación independiente y/o como núcleo inicial del cargo.,0.91,Contorsionista,"Profesionales, científicos e intelectuales",high,1,1,1,TRUE,1,FALSE,FALSE,Contorsionista,TRUE,FALSE,FALSE,TRUE,TRUE,TRUE,FALSE
contratenor,2,2320,1,2,0,0,1,1,1,3,TRUE,keep,Título ocupacional explícito: aparece como denominación independiente y/o como núcleo inicial del cargo.,0.91,Contratenor,"Profesionales, científicos e intelectuales",high,1,1,1,TRUE,1,FALSE,FALSE,Contratenor,TRUE,FALSE,FALSE,TRUE,TRUE,TRUE,FALSE
coreografo,2,2381,1,2,0,0,1,1,1,3,TRUE,keep,Título ocupacional explícito: aparece como denominación independiente y/o como núcleo inicial del cargo.,0.91,Coreógrafo,"Profesionales, científicos e intelectuales",high,1,1,1,TRUE,1,FALSE,FALSE,Coreógrafo,TRUE,FALSE,FALSE,TRUE,TRUE,TRUE,FALSE
cornetista,2,2321,1,2,0,1,1,1,1,3,TRUE,keep,Título ocupacional explícito: aparece como denominación independiente y/o como núcleo inicial del cargo.,0.91,Cornetista,"Profesionales, científicos e intelectuales",high,1,1,1,TRUE,1,FALSE,FALSE,Cornetista,TRUE,FALSE,FALSE,TRUE,TRUE,TRUE,FALSE
cosechador,9,5858,1,9,1,1,1,1,1,3,TRUE,keep,Título ocupacional explícito: aparece como denominación independiente y/o como núcleo inicial del cargo.,0.91,Cosechador,Ocupaciones elementales,high,1,1,1,TRUE,1,FALSE,FALSE,Cosechador,TRUE,FALSE,FALSE,TRUE,TRUE,TRUE,FALSE
cosechero,9,5859,1,9,1,1,0,1,1,2,TRUE,keep,Título ocupacional explícito: aparece como denominación independiente y/o como núcleo inicial del cargo.,0.91,Cosechero,Ocupaciones elementales,high,1,1,1,TRUE,1,FALSE,FALSE,Cosechero,TRUE,FALSE,FALSE,TRUE,TRUE,TRUE,FALSE
cosmetologo,5,3842,1,5,1,1,1,1,1,3,TRUE,keep,Título ocupacional explícito: aparece como denominación independiente y/o como núcleo inicial del cargo.,0.95,Cosmetólogo | Cosmetólogo esteticista,Trabajadores de los servicios y vendedores de comercios y mercados,high,2,1,1,TRUE,1,FALSE,FALSE,Cosmetólogo,TRUE,FALSE,FALSE,TRUE,TRUE,TRUE,FALSE
costurera,7,5120,1,7,0,1,1,1,1,3,TRUE,keep,Título ocupacional explícito: aparece como denominación independiente y/o como núcleo inicial del cargo.,0.95,Lencera costurera | Costurera,"Oficiales, operarios, artesanos y trabajadores de ocupaciones afines",high,2,2,2,TRUE,0.5,FALSE,FALSE,"Costurera, costurera",TRUE,FALSE,FALSE,TRUE,TRUE,TRUE,FALSE
cotero,9,5963,1,9,0,1,1,1,1,3,TRUE,keep,Título ocupacional explícito: aparece como denominación independiente y/o como núcleo inicial del cargo.,0.91,Cotero,Ocupaciones elementales,high,1,1,1,TRUE,1,FALSE,FALSE,Cotero,TRUE,FALSE,FALSE,TRUE,TRUE,TRUE,FALSE
criado,9,5833,1,9,1,1,0,1,1,2,TRUE,review,"Aparece al inicio de una denominación, pero la evidencia es escasa o la forma léxica no es inequívocamente ocupacional.",0.64,Criado de hogar,Ocupaciones elementales,low,1,1,1,FALSE,1,FALSE,FALSE,Criado,FALSE,FALSE,TRUE,TRUE,FALSE,FALSE,FALSE
criminologo,2,2075,1,2,1,1,1,1,1,3,TRUE,keep,Título ocupacional explícito: aparece como denominación independiente y/o como núcleo inicial del cargo.,0.91,Criminólogo,"Profesionales, científicos e intelectuales",high,1,1,1,TRUE,1,FALSE,FALSE,Criminólogo,TRUE,FALSE,FALSE,TRUE,TRUE,TRUE,FALSE
cristalografo,2,793,1,2,0,1,0,1,0,1,TRUE,review,Aparece en un contexto CUOC limitado y no como núcleo del cargo; falta evidencia para mantenerlo o descartarlo automáticamente.,0.55,Químico cristalógrafo,"Profesionales, científicos e intelectuales",low,1,1,1,FALSE,0,FALSE,FALSE,cristalógrafo,FALSE,FALSE,TRUE,TRUE,FALSE,FALSE,FALSE
cronista,2,2230,1,2,0,1,1,1,1,3,TRUE,keep,Título ocupacional explícito: aparece como denominación independiente y/o como núcleo inicial del cargo.,0.95,Cronista | Cronista de deportes | Cronista musical,"Profesionales, científicos e intelectuales",high,3,1,1,TRUE,1,FALSE,FALSE,Cronista,TRUE,FALSE,FALSE,TRUE,TRUE,TRUE,FALSE
cubicador,6,4198,1,6,0,0,1,1,1,3,TRUE,keep,Núcleo de cargo: encabeza denominaciones CUOC del nivel y tiene forma de título ocupacional.,0.88,Cubicador forestal,"Agricultores y trabajadores calificados agropecuarios, forestales y pesqueros",high,1,1,1,FALSE,1,FALSE,FALSE,Cubicador,TRUE,FALSE,FALSE,TRUE,TRUE,TRUE,FALSE
cuentacuentos,2,2478,1,2,0,1,1,1,1,3,TRUE,keep,Título ocupacional explícito: aparece como denominación independiente y/o como núcleo inicial del cargo.,0.91,Cuentacuentos,"Profesionales, científicos e intelectuales",high,1,1,1,TRUE,1,FALSE,FALSE,Cuentacuentos,TRUE,FALSE,FALSE,TRUE,TRUE,TRUE,FALSE
cuentero,2,2479,1,2,0,1,1,1,1,3,TRUE,keep,Título ocupacional explícito: aparece como denominación independiente y/o como núcleo inicial del cargo.,0.91,Cuentero,"Profesionales, científicos e intelectuales",high,1,1,1,TRUE,1,FALSE,FALSE,Cuentero,TRUE,FALSE,FALSE,TRUE,TRUE,TRUE,FALSE
cuentista,2,2480,1,2,0,1,1,1,1,3,TRUE,keep,Título ocupacional explícito: aparece como denominación independiente y/o como núcleo inicial del cargo.,0.91,Cuentista,"Profesionales, científicos e intelectuales",high,1,1,1,TRUE,1,FALSE,FALSE,Cuentista,TRUE,FALSE,FALSE,TRUE,TRUE,TRUE,FALSE
cuidandero,9,5882,1,9,0,0,1,1,1,3,TRUE,keep,Núcleo de cargo: encabeza denominaciones CUOC del nivel y tiene forma de título ocupacional.,0.88,Cuidandero de finca,Ocupaciones elementales,high,1,1,1,FALSE,1,FALSE,FALSE,Cuidandero,TRUE,FALSE,FALSE,TRUE,TRUE,TRUE,FALSE
cultivador,6,4039,1,6,1,1,0,1,1,2,TRUE,keep,Título ocupacional explícito: aparece como denominación independiente y/o como núcleo inicial del cargo.,0.95,Agricultor cultivador | Cultivador | Cultivador de algodón,"Agricultores y trabajadores calificados agropecuarios, forestales y pesqueros",high,29,6,6,TRUE,0.966,FALSE,FALSE,"Cultivador, cultivador",TRUE,FALSE,FALSE,TRUE,TRUE,TRUE,FALSE
curandero,3,3125,1,3,0,1,1,1,1,3,TRUE,keep,Título ocupacional explícito: aparece como denominación independiente y/o como núcleo inicial del cargo.,0.95,Curandero | Curandero de pueblo | Curandero tradicional,Técnicos y profesionales de nivel medio,high,5,2,2,TRUE,1,FALSE,FALSE,Curandero,TRUE,FALSE,FALSE,TRUE,TRUE,TRUE,FALSE
curtidor,7,5146,1,7,1,1,1,1,1,3,TRUE,review,Aparece en un contexto CUOC limitado y no como núcleo del cargo; falta evidencia para mantenerlo o descartarlo automáticamente.,0.55,Curtidor de pieles y cueros | Pellejero curtidor,"Oficiales, operarios, artesanos y trabajadores de ocupaciones afines",low,2,1,1,FALSE,0.5,FALSE,FALSE,"Curtidor, curtidor",FALSE,FALSE,TRUE,TRUE,FALSE,FALSE,FALSE
curvador,7,4485,1,7,0,0,1,1,1,3,TRUE,keep,Núcleo de cargo: encabeza denominaciones CUOC del nivel y tiene forma de título ocupacional.,0.93,Curvador de chapas de metal | Curvador de tubos de vidrio | Curvador de madera,"Oficiales, operarios, artesanos y trabajadores de ocupaciones afines",high,3,3,3,FALSE,1,FALSE,FALSE,Curvador,TRUE,FALSE,FALSE,TRUE,TRUE,TRUE,FALSE
decano,1,603,1,1,0,1,1,1,1,3,TRUE,keep,Título ocupacional explícito: aparece como denominación independiente y/o como núcleo inicial del cargo.,0.95,Decano | Decano de universidad,Directores y gerentes,high,2,1,1,TRUE,1,FALSE,FALSE,Decano,TRUE,FALSE,FALSE,TRUE,TRUE,TRUE,FALSE
declamador,2,2482,1,2,0,1,1,1,1,3,TRUE,keep,Título ocupacional explícito: aparece como denominación independiente y/o como núcleo inicial del cargo.,0.91,Declamador,"Profesionales, científicos e intelectuales",high,1,1,1,TRUE,1,FALSE,FALSE,Declamador,TRUE,FALSE,FALSE,TRUE,TRUE,TRUE,FALSE
demografo,2,866,1,2,1,1,1,1,1,3,TRUE,keep,Título ocupacional explícito: aparece como denominación independiente y/o como núcleo inicial del cargo.,0.91,Demógrafo,"Profesionales, científicos e intelectuales",high,1,1,1,TRUE,1,FALSE,FALSE,Demógrafo,TRUE,FALSE,FALSE,TRUE,TRUE,TRUE,FALSE
dentista,2,1517,1,2,1,1,1,1,1,3,TRUE,keep,Título ocupacional explícito: aparece como denominación independiente y/o como núcleo inicial del cargo.,0.91,Dentista,"Profesionales, científicos e intelectuales",high,1,1,1,TRUE,1,FALSE,FALSE,Dentista,TRUE,FALSE,FALSE,TRUE,TRUE,TRUE,FALSE
deportista,3,3434,1,3,1,1,1,1,1,3,TRUE,keep,Título ocupacional explícito: aparece como denominación independiente y/o como núcleo inicial del cargo.,0.95,Deportista | Deportista profesional,Técnicos y profesionales de nivel medio,high,2,1,1,TRUE,1,FALSE,FALSE,Deportista,TRUE,FALSE,FALSE,TRUE,TRUE,TRUE,FALSE
deportologo,2,1428,1,2,0,1,1,1,1,3,TRUE,review,"Término técnico o sectorial repetido, pero funciona como especialidad, objeto, proceso o contexto y puede cruzar niveles.",0.68,Médico deportólogo | Optómetra deportólogo,"Profesionales, científicos e intelectuales",medium,2,2,2,FALSE,0,FALSE,FALSE,deportólogo,FALSE,FALSE,TRUE,TRUE,FALSE,FALSE,FALSE
dermatologo,2,1400,1,2,0,0,1,1,1,3,TRUE,keep,Título ocupacional explícito: aparece como denominación independiente y/o como núcleo inicial del cargo.,0.91,Dermatólogo,"Profesionales, científicos e intelectuales",high,1,1,1,TRUE,1,FALSE,FALSE,Dermatólogo,TRUE,FALSE,FALSE,TRUE,TRUE,TRUE,FALSE
desarrollador,2,786,1,2,1,0,0,0,1,1,TRUE,keep,Núcleo de cargo: encabeza denominaciones CUOC del nivel y tiene forma de título ocupacional.,0.93,Desarrollador químico analítico | Ingeniero desarrollador de productos industriales | Ingeniero desarrollador de productos químicos,"Profesionales, científicos e intelectuales",high,42,12,12,FALSE,0.905,FALSE,FALSE,"Desarrollador, desarrollador",TRUE,FALSE,FALSE,TRUE,TRUE,TRUE,FALSE
descachazador,7,5030,1,7,1,1,1,1,1,3,TRUE,keep,Núcleo de cargo: encabeza denominaciones CUOC del nivel y tiene forma de título ocupacional.,0.88,Descachazador de panela,"Oficiales, operarios, artesanos y trabajadores de ocupaciones afines",high,1,1,1,FALSE,1,FALSE,FALSE,Descachazador,TRUE,FALSE,FALSE,TRUE,TRUE,TRUE,FALSE
descuajador,9,5861,1,9,0,1,1,1,1,3,TRUE,keep,Núcleo de cargo: encabeza denominaciones CUOC del nivel y tiene forma de título ocupacional.,0.88,Descuajador de plantas,Ocupaciones elementales,high,1,1,1,FALSE,1,FALSE,FALSE,Descuajador,TRUE,FALSE,FALSE,TRUE,TRUE,TRUE,FALSE
deshollinador,7,4432,1,7,0,0,1,1,1,3,TRUE,keep,Título ocupacional explícito: aparece como denominación independiente y/o como núcleo inicial del cargo.,0.91,Deshollinador,"Oficiales, operarios, artesanos y trabajadores de ocupaciones afines",high,1,1,1,TRUE,1,FALSE,FALSE,Deshollinador,TRUE,FALSE,FALSE,TRUE,TRUE,TRUE,FALSE
desollador,7,4974,1,7,0,1,1,1,1,3,TRUE,keep,Núcleo de cargo: encabeza denominaciones CUOC del nivel y tiene forma de título ocupacional.,0.88,Desollador de animales,"Oficiales, operarios, artesanos y trabajadores de ocupaciones afines",high,1,1,1,FALSE,1,FALSE,FALSE,Desollador,TRUE,FALSE,FALSE,TRUE,TRUE,TRUE,FALSE
despalillador,7,5074,1,7,0,0,1,1,1,3,TRUE,keep,Núcleo de cargo: encabeza denominaciones CUOC del nivel y tiene forma de título ocupacional.,0.88,Despalillador de tabaco,"Oficiales, operarios, artesanos y trabajadores de ocupaciones afines",high,1,1,1,FALSE,1,FALSE,FALSE,Despalillador,TRUE,FALSE,FALSE,TRUE,TRUE,TRUE,FALSE
despepitador,7,4815,1,7,0,0,1,1,1,3,TRUE,keep,Núcleo de cargo: encabeza denominaciones CUOC del nivel y tiene forma de título ocupacional.,0.88,Despepitador de algodón,"Oficiales, operarios, artesanos y trabajadores de ocupaciones afines",high,1,1,1,FALSE,1,FALSE,FALSE,Despepitador,TRUE,FALSE,FALSE,TRUE,TRUE,TRUE,FALSE
despostador,7,4975,1,7,1,1,1,1,1,3,TRUE,keep,Núcleo de cargo: encabeza denominaciones CUOC del nivel y tiene forma de título ocupacional.,0.88,Despostador de carne,"Oficiales, operarios, artesanos y trabajadores de ocupaciones afines",high,1,1,1,FALSE,1,FALSE,FALSE,Despostador,TRUE,FALSE,FALSE,TRUE,TRUE,TRUE,FALSE
desratizador,7,5201,1,7,0,0,1,1,1,3,TRUE,keep,Título ocupacional explícito: aparece como denominación independiente y/o como núcleo inicial del cargo.,0.91,Desratizador,"Oficiales, operarios, artesanos y trabajadores de ocupaciones afines",high,1,1,1,TRUE,1,FALSE,FALSE,Desratizador,TRUE,FALSE,FALSE,TRUE,TRUE,TRUE,FALSE
destajero,6,4199,1,6,1,1,1,1,1,3,TRUE,keep,Núcleo de cargo: encabeza denominaciones CUOC del nivel y tiene forma de título ocupacional.,0.88,Destajero de silvicultura,"Agricultores y trabajadores calificados agropecuarios, forestales y pesqueros",high,1,1,1,FALSE,1,FALSE,FALSE,Destajero,TRUE,FALSE,FALSE,TRUE,TRUE,TRUE,FALSE
detective,3,3367,1,3,1,1,1,1,1,3,TRUE,review,"Término técnico o sectorial repetido, pero funciona como especialidad, objeto, proceso o contexto y puede cruzar niveles.",0.68,Agente detective | Detective policial | Inspector detective,Técnicos y profesionales de nivel medio,medium,7,2,2,FALSE,0.429,FALSE,FALSE,"Detective, detective",FALSE,FALSE,TRUE,TRUE,FALSE,FALSE,FALSE
diabetologo,2,1401,1,2,0,0,1,1,1,3,TRUE,keep,Título ocupacional explícito: aparece como denominación independiente y/o como núcleo inicial del cargo.,0.91,Diabetólogo,"Profesionales, científicos e intelectuales",high,1,1,1,TRUE,1,FALSE,FALSE,Diabetólogo,TRUE,FALSE,FALSE,TRUE,TRUE,TRUE,FALSE
diagramador,3,2671,1,3,0,0,1,1,1,3,TRUE,keep,Título ocupacional explícito: aparece como denominación independiente y/o como núcleo inicial del cargo.,0.95,Diagramador | Diagramador de arte finalista,Técnicos y profesionales de nivel medio,high,2,1,1,TRUE,1,FALSE,FALSE,Diagramador,TRUE,FALSE,FALSE,TRUE,TRUE,TRUE,FALSE
dialoguista,2,2189,1,2,0,0,1,1,1,3,TRUE,keep,Título ocupacional explícito: aparece como denominación independiente y/o como núcleo inicial del cargo.,0.95,Dialoguista | Escritor dialoguista,"Profesionales, científicos e intelectuales",high,2,1,1,TRUE,0.5,FALSE,FALSE,"Dialoguista, dialoguista",TRUE,FALSE,FALSE,TRUE,TRUE,TRUE,FALSE
digitador,4,3643,1,4,1,1,1,1,1,3,TRUE,keep,Título ocupacional explícito: aparece como denominación independiente y/o como núcleo inicial del cargo.,0.95,Digitador | Digitador de contabilidad | Digitador historias clínicas,Personal de apoyo administrativo,high,3,1,1,TRUE,1,FALSE,FALSE,Digitador,TRUE,FALSE,FALSE,TRUE,TRUE,TRUE,FALSE
digitalizador,4,3635,1,4,1,0,1,0,1,2,TRUE,keep,Título ocupacional explícito: aparece como denominación independiente y/o como núcleo inicial del cargo.,0.91,Digitalizador,Personal de apoyo administrativo,high,1,1,1,TRUE,1,FALSE,FALSE,Digitalizador,TRUE,FALSE,FALSE,TRUE,TRUE,TRUE,FALSE
dinamitero,7,5182,1,7,0,1,0,1,0,1,TRUE,keep,Título ocupacional explícito: aparece como denominación independiente y/o como núcleo inicial del cargo.,0.95,Dinamitero | Dinamitero de minas,"Oficiales, operarios, artesanos y trabajadores de ocupaciones afines",high,2,1,1,TRUE,1,FALSE,FALSE,Dinamitero,TRUE,FALSE,FALSE,TRUE,TRUE,TRUE,FALSE
doctor,2,1373,1,2,1,0,0,0,1,1,TRUE,keep,Núcleo de cargo: encabeza denominaciones CUOC del nivel y tiene forma de título ocupacional.,0.93,Doctor de familia | Doctor de medicina clínica | Doctor de medicina general,"Profesionales, científicos e intelectuales",high,21,4,4,FALSE,1,FALSE,FALSE,Doctor,TRUE,FALSE,FALSE,TRUE,TRUE,TRUE,FALSE
documentalista,2,2060,1,2,0,1,1,1,1,3,TRUE,review,"Término técnico o sectorial repetido, pero funciona como especialidad, objeto, proceso o contexto y puede cruzar niveles.",0.68,Documentalista de información | Documentalista de información musical | Escritor documentalista,"Profesionales, científicos e intelectuales",medium,3,2,2,FALSE,0.667,FALSE,FALSE,"Documentalista, documentalista",FALSE,FALSE,TRUE,TRUE,FALSE,FALSE,FALSE
domador,5,3910,1,5,0,0,1,1,1,3,TRUE,keep,Núcleo de cargo: encabeza denominaciones CUOC del nivel y tiene forma de título ocupacional.,0.88,Domador de caballos,Trabajadores de los servicios y vendedores de comercios y mercados,high,1,1,1,FALSE,1,FALSE,FALSE,Domador,TRUE,FALSE,FALSE,TRUE,TRUE,TRUE,FALSE
dramaturgo,2,2190,1,2,0,1,0,1,0,1,TRUE,keep,Título ocupacional explícito: aparece como denominación independiente y/o como núcleo inicial del cargo.,0.91,Dramaturgo,"Profesionales, científicos e intelectuales",high,1,1,1,TRUE,1,FALSE,FALSE,Dramaturgo,TRUE,FALSE,FALSE,TRUE,TRUE,TRUE,FALSE
dulcera,7,5006,1,7,1,1,0,1,1,2,TRUE,keep,Núcleo de cargo: encabeza denominaciones CUOC del nivel y tiene forma de título ocupacional.,0.88,Dulcera tradicional,"Oficiales, operarios, artesanos y trabajadores de ocupaciones afines",high,1,1,1,FALSE,1,FALSE,FALSE,Dulcera,TRUE,FALSE,FALSE,TRUE,TRUE,TRUE,FALSE
ebanista,7,4298,1,7,1,1,1,1,1,3,TRUE,keep,Título ocupacional explícito: aparece como denominación independiente y/o como núcleo inicial del cargo.,0.95,Carpintero ebanista de astilleros | Ebanista | Ebanista armador de fabricación de muebles,"Oficiales, operarios, artesanos y trabajadores de ocupaciones afines",high,7,2,2,TRUE,0.857,FALSE,FALSE,"Ebanista, ebanista",TRUE,FALSE,FALSE,TRUE,TRUE,TRUE,FALSE
ebanistas,3,2816,1,3,0,0,1,1,1,3,TRUE,review,Aparece en un contexto CUOC limitado y no como núcleo del cargo; falta evidencia para mantenerlo o descartarlo automáticamente.,0.55,Supervisor de ebanistas de fabricación de muebles,Técnicos y profesionales de nivel medio,low,1,1,1,FALSE,0,FALSE,FALSE,ebanistas,FALSE,FALSE,TRUE,TRUE,FALSE,FALSE,FALSE
ecografista,3,3077,1,3,0,1,1,1,1,3,TRUE,keep,Título ocupacional explícito: aparece como denominación independiente y/o como núcleo inicial del cargo.,0.91,Ecografista,Técnicos y profesionales de nivel medio,high,1,1,1,TRUE,1,FALSE,FALSE,Ecografista,TRUE,FALSE,FALSE,TRUE,TRUE,TRUE,FALSE
ecologista,2,992,1,2,1,1,0,1,1,2,TRUE,keep,Título ocupacional explícito: aparece como denominación independiente y/o como núcleo inicial del cargo.,0.95,Ecologista | Ecologista de plantas,"Profesionales, científicos e intelectuales",high,2,1,1,TRUE,1,FALSE,FALSE,Ecologista,TRUE,FALSE,FALSE,TRUE,TRUE,TRUE,FALSE
ecologo,2,993,1,2,1,1,1,1,1,3,TRUE,keep,Título ocupacional explícito: aparece como denominación independiente y/o como núcleo inicial del cargo.,0.91,Ecólogo,"Profesionales, científicos e intelectuales",high,1,1,1,TRUE,1,FALSE,FALSE,Ecólogo,TRUE,FALSE,FALSE,TRUE,TRUE,TRUE,FALSE
econometrista,2,2067,1,2,1,1,1,1,1,3,TRUE,keep,Título ocupacional explícito: aparece como denominación independiente y/o como núcleo inicial del cargo.,0.91,Econometrista,"Profesionales, científicos e intelectuales",high,1,1,1,TRUE,1,FALSE,FALSE,Econometrista,TRUE,FALSE,FALSE,TRUE,TRUE,TRUE,FALSE
economista,2,2068,1,2,1,1,1,1,1,3,TRUE,keep,Título ocupacional explícito: aparece como denominación independiente y/o como núcleo inicial del cargo.,0.95,Economista | Economista de agricultura | Economista de comercio internacional,"Profesionales, científicos e intelectuales",high,12,1,1,TRUE,1,FALSE,FALSE,Economista,TRUE,FALSE,FALSE,TRUE,TRUE,TRUE,FALSE
edafologo,2,951,1,2,0,0,1,1,1,3,TRUE,keep,Título ocupacional explícito: aparece como denominación independiente y/o como núcleo inicial del cargo.,0.91,Edafólogo,"Profesionales, científicos e intelectuales",high,1,1,1,TRUE,1,FALSE,FALSE,Edafólogo,TRUE,FALSE,FALSE,TRUE,TRUE,TRUE,FALSE
editorialista,2,2248,1,2,0,1,1,1,1,3,TRUE,keep,Título ocupacional explícito: aparece como denominación independiente y/o como núcleo inicial del cargo.,0.91,Editorialista,"Profesionales, científicos e intelectuales",high,1,1,1,TRUE,1,FALSE,FALSE,Editorialista,TRUE,FALSE,FALSE,TRUE,TRUE,TRUE,FALSE
electricistas,3,2779,1,3,1,0,1,1,1,3,TRUE,review,"Término técnico o sectorial repetido, pero funciona como especialidad, objeto, proceso o contexto y puede cruzar niveles.",0.68,Supervisor de mecánicos electricistas automotriz | Supervisor de mecánicos electricistas de industria automotriz | Supervisor de electricistas de construcción,Técnicos y profesionales de nivel medio,medium,5,1,2,FALSE,0,FALSE,FALSE,electricistas,FALSE,FALSE,TRUE,TRUE,FALSE,FALSE,FALSE
electroplateador,8,5337,1,8,0,0,1,1,1,3,TRUE,keep,Título ocupacional explícito: aparece como denominación independiente y/o como núcleo inicial del cargo.,0.95,Electroplateador | Electroplateador metal,Operadores de instalaciones y máquinas y ensambladores,high,2,1,1,TRUE,1,FALSE,FALSE,Electroplateador,TRUE,FALSE,FALSE,TRUE,TRUE,TRUE,FALSE
electroquimico,2,788,1,2,1,1,0,1,1,2,TRUE,keep,Título ocupacional explícito: aparece como denominación independiente y/o como núcleo inicial del cargo.,0.91,Electroquímico,"Profesionales, científicos e intelectuales",high,1,1,1,TRUE,1,FALSE,FALSE,Electroquímico,TRUE,FALSE,FALSE,TRUE,TRUE,TRUE,FALSE
electroterapeuta,3,3142,1,3,1,1,1,1,1,3,TRUE,keep,Título ocupacional explícito: aparece como denominación independiente y/o como núcleo inicial del cargo.,0.91,Electroterapeuta,Técnicos y profesionales de nivel medio,high,1,1,1,TRUE,1,FALSE,FALSE,Electroterapeuta,TRUE,FALSE,FALSE,TRUE,TRUE,TRUE,FALSE
embalador,9,5923,1,9,1,1,0,1,1,2,TRUE,keep,Título ocupacional explícito: aparece como denominación independiente y/o como núcleo inicial del cargo.,0.95,Embalador | Embalador a mano | Embalador de muebles,Ocupaciones elementales,high,5,2,2,TRUE,0.8,FALSE,FALSE,"Embalador, embalador",TRUE,FALSE,FALSE,TRUE,TRUE,TRUE,FALSE
embaldosador,7,4342,1,7,0,0,1,1,1,3,TRUE,keep,Núcleo de cargo: encabeza denominaciones CUOC del nivel y tiene forma de título ocupacional.,0.93,Embaldosador de muros | Embaldosador de suelos,"Oficiales, operarios, artesanos y trabajadores de ocupaciones afines",high,2,1,2,FALSE,1,FALSE,FALSE,Embaldosador,TRUE,FALSE,FALSE,TRUE,TRUE,TRUE,FALSE
embolador,9,5982,1,9,1,1,1,1,1,3,TRUE,keep,Título ocupacional explícito: aparece como denominación independiente y/o como núcleo inicial del cargo.,0.91,Embolador,Ocupaciones elementales,high,1,1,1,TRUE,1,FALSE,FALSE,Embolador,TRUE,FALSE,FALSE,TRUE,TRUE,TRUE,FALSE
embotellador,9,5924,1,9,1,1,1,1,1,3,TRUE,keep,Núcleo de cargo: encabeza denominaciones CUOC del nivel y tiene forma de título ocupacional.,0.88,Embotellador a mano,Ocupaciones elementales,high,1,1,1,FALSE,1,FALSE,FALSE,Embotellador,TRUE,FALSE,FALSE,TRUE,TRUE,TRUE,FALSE
embriologo,2,904,1,2,1,1,1,1,1,3,TRUE,keep,Título ocupacional explícito: aparece como denominación independiente y/o como núcleo inicial del cargo.,0.91,Embriólogo,"Profesionales, científicos e intelectuales",high,1,1,1,TRUE,1,FALSE,FALSE,Embriólogo,TRUE,FALSE,FALSE,TRUE,TRUE,TRUE,FALSE
embutidor,7,4976,1,7,1,1,1,1,1,3,TRUE,keep,Núcleo de cargo: encabeza denominaciones CUOC del nivel y tiene forma de título ocupacional.,0.88,Embutidor de cárnicos,"Oficiales, operarios, artesanos y trabajadores de ocupaciones afines",high,1,1,1,FALSE,1,FALSE,FALSE,Embutidor,TRUE,FALSE,FALSE,TRUE,TRUE,TRUE,FALSE
emisorista,3,3569,1,3,0,0,1,1,1,3,TRUE,keep,Título ocupacional explícito: aparece como denominación independiente y/o como núcleo inicial del cargo.,0.91,Emisorista,Técnicos y profesionales de nivel medio,high,1,1,1,TRUE,1,FALSE,FALSE,Emisorista,TRUE,FALSE,FALSE,TRUE,TRUE,TRUE,FALSE
empacadores,3,2726,1,3,0,1,1,1,1,3,TRUE,review,Aparece en un contexto CUOC limitado y no como núcleo del cargo; falta evidencia para mantenerlo o descartarlo automáticamente.,0.55,Coordinador de empacadores agrícola,Técnicos y profesionales de nivel medio,low,1,1,1,FALSE,0,FALSE,FALSE,empacadores,FALSE,FALSE,TRUE,TRUE,FALSE,FALSE,FALSE
emplantillador,7,5167,1,7,0,0,1,1,1,3,TRUE,keep,Núcleo de cargo: encabeza denominaciones CUOC del nivel y tiene forma de título ocupacional.,0.88,Emplantillador de calzado,"Oficiales, operarios, artesanos y trabajadores de ocupaciones afines",high,1,1,1,FALSE,1,FALSE,FALSE,Emplantillador,TRUE,FALSE,FALSE,TRUE,TRUE,TRUE,FALSE
empretinador,8,5477,1,8,0,1,0,1,0,1,TRUE,keep,Núcleo de cargo: encabeza denominaciones CUOC del nivel y tiene forma de título ocupacional.,0.88,Empretinador de confección,Operadores de instalaciones y máquinas y ensambladores,high,1,1,1,FALSE,1,FALSE,FALSE,Empretinador,TRUE,FALSE,FALSE,TRUE,TRUE,TRUE,FALSE
enchapador,7,4345,1,7,1,1,1,1,1,3,TRUE,keep,Título ocupacional explícito: aparece como denominación independiente y/o como núcleo inicial del cargo.,0.95,Enchapador | Enchapador de construcción | Enchapador de superficies de mármol,"Oficiales, operarios, artesanos y trabajadores de ocupaciones afines",high,6,3,3,TRUE,0.833,FALSE,FALSE,"Enchapador, enchapador",TRUE,FALSE,FALSE,TRUE,TRUE,TRUE,FALSE
encuestador,4,3703,1,4,1,1,1,1,1,3,TRUE,keep,Título ocupacional explícito: aparece como denominación independiente y/o como núcleo inicial del cargo.,0.95,Auxiliar encuestador | Auxiliar encuestador estadística | Encuestador,Personal de apoyo administrativo,high,6,1,1,TRUE,0.667,FALSE,FALSE,"Encuestador, encuestador",TRUE,FALSE,FALSE,TRUE,TRUE,TRUE,FALSE
endocrinologo,2,1412,1,2,1,1,1,1,1,3,TRUE,keep,Título ocupacional explícito: aparece como denominación independiente y/o como núcleo inicial del cargo.,0.91,Endocrinólogo,"Profesionales, científicos e intelectuales",high,1,1,1,TRUE,1,FALSE,FALSE,Endocrinólogo,TRUE,FALSE,FALSE,TRUE,TRUE,TRUE,FALSE
endodoncista,2,1518,1,2,1,1,1,1,1,3,TRUE,keep,Título ocupacional explícito: aparece como denominación independiente y/o como núcleo inicial del cargo.,0.91,Endodoncista,"Profesionales, científicos e intelectuales",high,1,1,1,TRUE,1,FALSE,FALSE,Endodoncista,TRUE,FALSE,FALSE,TRUE,TRUE,TRUE,FALSE
enlosador,7,4346,1,7,0,0,1,1,1,3,TRUE,keep,Título ocupacional explícito: aparece como denominación independiente y/o como núcleo inicial del cargo.,0.91,Enlosador,"Oficiales, operarios, artesanos y trabajadores de ocupaciones afines",high,1,1,1,TRUE,1,FALSE,FALSE,Enlosador,TRUE,FALSE,FALSE,TRUE,TRUE,TRUE,FALSE
enlucidor,7,4312,1,7,1,1,1,1,1,3,TRUE,keep,Núcleo de cargo: encabeza denominaciones CUOC del nivel y tiene forma de título ocupacional.,0.93,Enlucidor de suelos plásticos | Enlucidor de yeso,"Oficiales, operarios, artesanos y trabajadores de ocupaciones afines",high,2,2,2,FALSE,1,FALSE,FALSE,Enlucidor,TRUE,FALSE,FALSE,TRUE,TRUE,TRUE,FALSE
enmarcador,7,4920,1,7,1,1,0,1,1,2,TRUE,keep,Núcleo de cargo: encabeza denominaciones CUOC del nivel y tiene forma de título ocupacional.,0.88,Enmarcador cuadros,"Oficiales, operarios, artesanos y trabajadores de ocupaciones afines",high,1,1,1,FALSE,1,FALSE,FALSE,Enmarcador,TRUE,FALSE,FALSE,TRUE,TRUE,TRUE,FALSE
enologo,2,1093,1,2,0,0,1,1,1,3,TRUE,keep,Título ocupacional explícito: aparece como denominación independiente y/o como núcleo inicial del cargo.,0.91,Enólogo,"Profesionales, científicos e intelectuales",high,1,1,1,TRUE,1,FALSE,FALSE,Enólogo,TRUE,FALSE,FALSE,TRUE,TRUE,TRUE,FALSE
ensayista,2,2197,1,2,0,1,1,1,1,3,TRUE,keep,Título ocupacional explícito: aparece como denominación independiente y/o como núcleo inicial del cargo.,0.95,Ensayista | Escritor ensayista,"Profesionales, científicos e intelectuales",high,2,1,1,TRUE,0.5,FALSE,FALSE,"Ensayista, ensayista",TRUE,FALSE,FALSE,TRUE,TRUE,TRUE,FALSE
entomologo,2,905,1,2,1,1,1,1,1,3,TRUE,keep,Título ocupacional explícito: aparece como denominación independiente y/o como núcleo inicial del cargo.,0.95,Entomólogo | Entomólogo forense,"Profesionales, científicos e intelectuales",high,2,1,1,TRUE,1,FALSE,FALSE,Entomólogo,TRUE,FALSE,FALSE,TRUE,TRUE,TRUE,FALSE
envasador,9,5925,1,9,1,1,0,1,1,2,TRUE,review,"Término técnico o sectorial repetido, pero funciona como especialidad, objeto, proceso o contexto y puede cruzar niveles.",0.68,Envasador a mano | Ayudante envasador de productos de alimentos y bebidas,Ocupaciones elementales,medium,2,2,2,FALSE,0.5,FALSE,FALSE,"Envasador, envasador",FALSE,FALSE,TRUE,TRUE,FALSE,FALSE,FALSE
epidemiologo,2,906,1,2,1,1,1,1,1,3,TRUE,keep,Título ocupacional explícito: aparece como denominación independiente y/o como núcleo inicial del cargo.,0.95,Epidemiólogo | Epidemiólogo veterinario | Veterinario epidemiólogo,"Profesionales, científicos e intelectuales",high,3,2,2,TRUE,0.667,FALSE,FALSE,"Epidemiólogo, epidemiólogo",TRUE,FALSE,FALSE,TRUE,TRUE,TRUE,FALSE
equilibrista,2,2532,1,2,0,1,1,1,1,3,TRUE,keep,Título ocupacional explícito: aparece como denominación independiente y/o como núcleo inicial del cargo.,0.95,Equilibrista | Equilibrista de alambre | Equilibrista de bicicleta,"Profesionales, científicos e intelectuales",high,16,1,1,TRUE,1,FALSE,FALSE,Equilibrista,TRUE,FALSE,FALSE,TRUE,TRUE,TRUE,FALSE
ergonomista,2,1538,1,2,1,1,1,1,1,3,TRUE,keep,Título ocupacional explícito: aparece como denominación independiente y/o como núcleo inicial del cargo.,0.95,Ergonomista | Ergonomista laboral,"Profesionales, científicos e intelectuales",high,2,1,1,TRUE,1,FALSE,FALSE,Ergonomista,TRUE,FALSE,FALSE,TRUE,TRUE,TRUE,FALSE
ergoterapeuta,2,1542,1,2,1,1,1,1,1,3,TRUE,keep,Título ocupacional explícito: aparece como denominación independiente y/o como núcleo inicial del cargo.,0.91,Ergoterapeuta,"Profesionales, científicos e intelectuales",high,1,1,1,TRUE,1,FALSE,FALSE,Ergoterapeuta,TRUE,FALSE,FALSE,TRUE,TRUE,TRUE,FALSE
escolta,5,4015,1,5,0,1,1,1,1,3,TRUE,keep,Título ocupacional explícito: aparece como denominación independiente y/o como núcleo inicial del cargo.,0.91,Escolta,Trabajadores de los servicios y vendedores de comercios y mercados,high,1,1,1,TRUE,1,FALSE,FALSE,Escolta,TRUE,FALSE,FALSE,TRUE,TRUE,TRUE,FALSE
escritor,2,1932,1,2,0,1,0,1,0,1,TRUE,keep,Título ocupacional explícito: aparece como denominación independiente y/o como núcleo inicial del cargo.,0.95,Escritor de promoción de relaciones públicas | Escritor | Escritor científico,"Profesionales, científicos e intelectuales",high,28,4,4,TRUE,1,FALSE,FALSE,Escritor,TRUE,FALSE,FALSE,TRUE,TRUE,TRUE,FALSE
escritores,2,2184,1,2,0,1,0,1,0,1,TRUE,review,"Aparece en el nombre oficial de una ocupación o grupo primario, pero funciona como especialidad o contexto y puede cruzar niveles.",0.74,Cabeza de cuarto de escritores,"Profesionales, científicos e intelectuales",medium,1,1,1,FALSE,0,TRUE,TRUE,escritores,FALSE,FALSE,TRUE,TRUE,FALSE,FALSE,FALSE
escuadrador,6,4190,1,6,0,0,1,0,1,2,TRUE,keep,Núcleo de cargo: encabeza denominaciones CUOC del nivel y tiene forma de título ocupacional.,0.88,Escuadrador de troncos,"Agricultores y trabajadores calificados agropecuarios, forestales y pesqueros",high,1,1,1,FALSE,1,FALSE,FALSE,Escuadrador,TRUE,FALSE,FALSE,TRUE,TRUE,TRUE,FALSE
escultores,5,3954,1,5,1,1,1,1,1,3,TRUE,review,Aparece en un contexto CUOC limitado y no como núcleo del cargo; falta evidencia para mantenerlo o descartarlo automáticamente.,0.55,Modelo para escultores,Trabajadores de los servicios y vendedores de comercios y mercados,low,1,1,1,FALSE,0,FALSE,FALSE,escultores,FALSE,FALSE,TRUE,TRUE,FALSE,FALSE,FALSE
esmerilador,7,4689,1,7,0,0,1,1,1,3,TRUE,keep,Núcleo de cargo: encabeza denominaciones CUOC del nivel y tiene forma de título ocupacional.,0.93,Esmerilador de vidrio decorativo de chorro de arena | Esmerilador de lentes,"Oficiales, operarios, artesanos y trabajadores de ocupaciones afines",high,2,2,2,FALSE,1,FALSE,FALSE,Esmerilador,TRUE,FALSE,FALSE,TRUE,TRUE,TRUE,FALSE
esquiador,3,3435,1,3,0,0,1,1,1,3,TRUE,keep,Título ocupacional explícito: aparece como denominación independiente y/o como núcleo inicial del cargo.,0.91,Esquiador,Técnicos y profesionales de nivel medio,high,1,1,1,TRUE,1,FALSE,FALSE,Esquiador,TRUE,FALSE,FALSE,TRUE,TRUE,TRUE,FALSE
estadigrafo,2,867,1,2,1,1,1,1,1,3,TRUE,keep,Título ocupacional explícito: aparece como denominación independiente y/o como núcleo inicial del cargo.,0.95,Estadígrafo | Estadígrafo de estadística aplicada,"Profesionales, científicos e intelectuales",high,2,1,1,TRUE,1,FALSE,FALSE,Estadígrafo,TRUE,FALSE,FALSE,TRUE,TRUE,TRUE,FALSE
estadista,2,878,1,2,1,1,0,1,1,2,TRUE,review,Aparece en un contexto CUOC limitado y no como núcleo del cargo; falta evidencia para mantenerlo o descartarlo automáticamente.,0.55,Matemático estadista actuario,"Profesionales, científicos e intelectuales",low,1,1,1,FALSE,0,FALSE,FALSE,estadista,FALSE,FALSE,TRUE,TRUE,FALSE,FALSE,FALSE
estampador,7,4690,1,7,0,0,1,1,1,3,TRUE,keep,Núcleo de cargo: encabeza denominaciones CUOC del nivel y tiene forma de título ocupacional.,0.93,Estampador artesanal | Estampador decorador de cerámica | Estampador de oro en hoja,"Oficiales, operarios, artesanos y trabajadores de ocupaciones afines",high,3,2,2,FALSE,1,FALSE,FALSE,Estampador,TRUE,FALSE,FALSE,TRUE,TRUE,TRUE,FALSE
estaquillador,9,5862,1,9,0,1,1,1,1,3,TRUE,keep,Núcleo de cargo: encabeza denominaciones CUOC del nivel y tiene forma de título ocupacional.,0.88,Estaquillador y alineador,Ocupaciones elementales,high,1,1,1,FALSE,1,FALSE,FALSE,Estaquillador,TRUE,FALSE,FALSE,TRUE,TRUE,TRUE,FALSE
estenotipista,4,3629,1,4,0,0,1,1,1,3,TRUE,keep,Título ocupacional explícito: aparece como denominación independiente y/o como núcleo inicial del cargo.,0.91,Estenotipista,Personal de apoyo administrativo,high,1,1,1,TRUE,1,FALSE,FALSE,Estenotipista,TRUE,FALSE,FALSE,TRUE,TRUE,TRUE,FALSE
estereotipista,7,4709,1,7,0,1,1,1,1,3,TRUE,keep,Núcleo de cargo: encabeza denominaciones CUOC del nivel y tiene forma de título ocupacional.,0.88,Estereotipista de imprenta,"Oficiales, operarios, artesanos y trabajadores de ocupaciones afines",high,1,1,1,FALSE,1,FALSE,FALSE,Estereotipista,TRUE,FALSE,FALSE,TRUE,TRUE,TRUE,FALSE
esterillador,7,4848,1,7,0,0,1,1,1,3,TRUE,keep,Título ocupacional explícito: aparece como denominación independiente y/o como núcleo inicial del cargo.,0.91,Esterillador,"Oficiales, operarios, artesanos y trabajadores de ocupaciones afines",high,1,1,1,TRUE,1,FALSE,FALSE,Esterillador,TRUE,FALSE,FALSE,TRUE,TRUE,TRUE,FALSE
esteta,2,2081,1,2,0,1,0,1,0,1,TRUE,keep,Título ocupacional explícito: aparece como denominación independiente y/o como núcleo inicial del cargo.,0.91,Esteta,"Profesionales, científicos e intelectuales",high,1,1,1,TRUE,1,FALSE,FALSE,Esteta,TRUE,FALSE,FALSE,TRUE,TRUE,TRUE,FALSE
esteticista,5,3843,1,5,1,1,1,1,1,3,TRUE,keep,Título ocupacional explícito: aparece como denominación independiente y/o como núcleo inicial del cargo.,0.95,Cosmetólogo esteticista | Esteticista,Trabajadores de los servicios y vendedores de comercios y mercados,high,2,1,1,TRUE,0.5,FALSE,FALSE,"Esteticista, esteticista",TRUE,FALSE,FALSE,TRUE,TRUE,TRUE,FALSE
estibador,9,5953,1,9,1,1,1,1,1,3,TRUE,keep,Título ocupacional explícito: aparece como denominación independiente y/o como núcleo inicial del cargo.,0.95,Estibador manual | Estibador,Ocupaciones elementales,high,2,1,2,TRUE,1,FALSE,FALSE,Estibador,TRUE,FALSE,FALSE,TRUE,TRUE,TRUE,FALSE
estomatologo,2,1519,1,2,0,1,1,1,1,3,TRUE,keep,Título ocupacional explícito: aparece como denominación independiente y/o como núcleo inicial del cargo.,0.91,Estomatólogo,"Profesionales, científicos e intelectuales",high,1,1,1,TRUE,1,FALSE,FALSE,Estomatólogo,TRUE,FALSE,FALSE,TRUE,TRUE,TRUE,FALSE
estrobador,9,5954,1,9,0,1,1,1,1,3,TRUE,keep,Título ocupacional explícito: aparece como denominación independiente y/o como núcleo inicial del cargo.,0.91,Estrobador,Ocupaciones elementales,high,1,1,1,TRUE,1,FALSE,FALSE,Estrobador,TRUE,FALSE,FALSE,TRUE,TRUE,TRUE,FALSE
estucador,7,4360,1,7,0,0,1,1,1,3,TRUE,keep,Título ocupacional explícito: aparece como denominación independiente y/o como núcleo inicial del cargo.,0.91,Estucador,"Oficiales, operarios, artesanos y trabajadores de ocupaciones afines",high,1,1,1,TRUE,1,FALSE,FALSE,Estucador,TRUE,FALSE,FALSE,TRUE,TRUE,TRUE,FALSE
estufador,7,4849,1,7,0,0,1,1,1,3,TRUE,keep,Título ocupacional explícito: aparece como denominación independiente y/o como núcleo inicial del cargo.,0.91,Estufador,"Oficiales, operarios, artesanos y trabajadores de ocupaciones afines",high,1,1,1,TRUE,1,FALSE,FALSE,Estufador,TRUE,FALSE,FALSE,TRUE,TRUE,TRUE,FALSE
etimologista,2,2258,1,2,0,1,1,1,1,3,TRUE,keep,Título ocupacional explícito: aparece como denominación independiente y/o como núcleo inicial del cargo.,0.91,Etimologista,"Profesionales, científicos e intelectuales",high,1,1,1,TRUE,1,FALSE,FALSE,Etimologista,TRUE,FALSE,FALSE,TRUE,TRUE,TRUE,FALSE
etiquetador,9,5926,1,9,1,1,0,1,1,2,TRUE,keep,Núcleo de cargo: encabeza denominaciones CUOC del nivel y tiene forma de título ocupacional.,0.93,Etiquetador a mano de manufactura | Etiquetador de mercancías a mano en tienda,Ocupaciones elementales,high,2,1,1,FALSE,1,FALSE,FALSE,Etiquetador,TRUE,FALSE,FALSE,TRUE,TRUE,TRUE,FALSE
etiqueteador,9,5927,1,9,1,1,0,1,1,2,TRUE,keep,Núcleo de cargo: encabeza denominaciones CUOC del nivel y tiene forma de título ocupacional.,0.93,Etiqueteador manufactura | Etiqueteador mercancías,Ocupaciones elementales,high,2,1,1,FALSE,1,FALSE,FALSE,Etiqueteador,TRUE,FALSE,FALSE,TRUE,TRUE,TRUE,FALSE
etnografo,2,2076,1,2,1,1,1,1,1,3,TRUE,keep,Título ocupacional explícito: aparece como denominación independiente y/o como núcleo inicial del cargo.,0.91,Etnógrafo,"Profesionales, científicos e intelectuales",high,1,1,1,TRUE,1,FALSE,FALSE,Etnógrafo,TRUE,FALSE,FALSE,TRUE,TRUE,TRUE,FALSE
etnologo,2,2077,1,2,1,1,1,1,1,3,TRUE,keep,Título ocupacional explícito: aparece como denominación independiente y/o como núcleo inicial del cargo.,0.91,Etnólogo,"Profesionales, científicos e intelectuales",high,1,1,1,TRUE,1,FALSE,FALSE,Etnólogo,TRUE,FALSE,FALSE,TRUE,TRUE,TRUE,FALSE
etnomusicologo,2,2350,1,2,0,0,1,1,1,3,TRUE,keep,Título ocupacional explícito: aparece como denominación independiente y/o como núcleo inicial del cargo.,0.91,Etnomusicólogo,"Profesionales, científicos e intelectuales",high,1,1,1,TRUE,1,FALSE,FALSE,Etnomusicólogo,TRUE,FALSE,FALSE,TRUE,TRUE,TRUE,FALSE
etologo,2,909,1,2,1,1,1,1,1,3,TRUE,keep,Título ocupacional explícito: aparece como denominación independiente y/o como núcleo inicial del cargo.,0.91,Etólogo,"Profesionales, científicos e intelectuales",high,1,1,1,TRUE,1,FALSE,FALSE,Etólogo,TRUE,FALSE,FALSE,TRUE,TRUE,TRUE,FALSE
expendedor,5,3948,1,5,0,0,1,1,1,3,TRUE,keep,Núcleo de cargo: encabeza denominaciones CUOC del nivel y tiene forma de título ocupacional.,0.93,Expendedor de boletas para eventos de entretenimiento y deportivos | Expendedor de combustible en puerto deportivo | Expendedor de gas,Trabajadores de los servicios y vendedores de comercios y mercados,high,5,3,3,FALSE,1,FALSE,FALSE,Expendedor,TRUE,FALSE,FALSE,TRUE,TRUE,TRUE,FALSE
exterminador,7,5202,1,7,0,0,1,0,1,2,TRUE,keep,Núcleo de cargo: encabeza denominaciones CUOC del nivel y tiene forma de título ocupacional.,0.88,Exterminador de plagas,"Oficiales, operarios, artesanos y trabajadores de ocupaciones afines",high,1,1,1,FALSE,1,FALSE,FALSE,Exterminador,TRUE,FALSE,FALSE,TRUE,TRUE,TRUE,FALSE
facturador,4,3715,1,4,1,1,0,1,1,2,TRUE,keep,Título ocupacional explícito: aparece como denominación independiente y/o como núcleo inicial del cargo.,0.91,Facturador,Personal de apoyo administrativo,high,1,1,1,TRUE,1,FALSE,FALSE,Facturador,TRUE,FALSE,FALSE,TRUE,TRUE,TRUE,FALSE
fagotista,2,2323,1,2,0,0,1,1,1,3,TRUE,keep,Título ocupacional explícito: aparece como denominación independiente y/o como núcleo inicial del cargo.,0.91,Fagotista,"Profesionales, científicos e intelectuales",high,1,1,1,TRUE,1,FALSE,FALSE,Fagotista,TRUE,FALSE,FALSE,TRUE,TRUE,TRUE,FALSE
farmaceuta,2,1530,1,2,1,1,0,1,1,2,TRUE,keep,Título ocupacional explícito: aparece como denominación independiente y/o como núcleo inicial del cargo.,0.95,Farmaceuta | Farmaceuta hospitalario | Farmaceuta industrial,"Profesionales, científicos e intelectuales",high,3,1,1,TRUE,1,FALSE,FALSE,Farmaceuta,TRUE,FALSE,FALSE,TRUE,TRUE,TRUE,FALSE
farmacologo,2,910,1,2,1,1,1,1,1,3,TRUE,keep,Título ocupacional explícito: aparece como denominación independiente y/o como núcleo inicial del cargo.,0.95,Farmacólogo | Farmacólogo clínico | Médico farmacólogo,"Profesionales, científicos e intelectuales",high,3,2,2,TRUE,0.667,FALSE,FALSE,"Farmacólogo, farmacólogo",TRUE,FALSE,FALSE,TRUE,TRUE,TRUE,FALSE
filologo,2,2259,1,2,0,1,1,1,1,3,TRUE,keep,Título ocupacional explícito: aparece como denominación independiente y/o como núcleo inicial del cargo.,0.95,Filólogo | Filólogo de fonética | Filólogo de grafología,"Profesionales, científicos e intelectuales",high,4,1,1,TRUE,1,FALSE,FALSE,Filólogo,TRUE,FALSE,FALSE,TRUE,TRUE,TRUE,FALSE
filosofo,2,2082,1,2,1,1,0,1,1,2,TRUE,keep,Título ocupacional explícito: aparece como denominación independiente y/o como núcleo inicial del cargo.,0.91,Filósofo,"Profesionales, científicos e intelectuales",high,1,1,1,TRUE,1,FALSE,FALSE,Filósofo,TRUE,FALSE,FALSE,TRUE,TRUE,TRUE,FALSE
fisiatra,2,1415,1,2,0,1,0,1,0,1,TRUE,keep,Título ocupacional explícito: aparece como denominación independiente y/o como núcleo inicial del cargo.,0.91,Fisiatra,"Profesionales, científicos e intelectuales",high,1,1,1,TRUE,1,FALSE,FALSE,Fisiatra,TRUE,FALSE,FALSE,TRUE,TRUE,TRUE,FALSE
fisicoculturista,3,3436,1,3,1,1,1,1,1,3,TRUE,keep,Título ocupacional explícito: aparece como denominación independiente y/o como núcleo inicial del cargo.,0.91,Fisicoculturista,Técnicos y profesionales de nivel medio,high,1,1,1,TRUE,1,FALSE,FALSE,Fisicoculturista,TRUE,FALSE,FALSE,TRUE,TRUE,TRUE,FALSE
fisiologo,2,911,1,2,1,1,1,1,1,3,TRUE,keep,Título ocupacional explícito: aparece como denominación independiente y/o como núcleo inicial del cargo.,0.95,Fisiólogo | Fisiólogo de botánica | Fisiólogo de endocrinología,"Profesionales, científicos e intelectuales",high,7,2,2,TRUE,0.857,FALSE,FALSE,"Fisiólogo, fisiólogo",TRUE,FALSE,FALSE,TRUE,TRUE,TRUE,FALSE
fisioterapeuta,2,1543,1,2,1,1,1,1,1,3,TRUE,keep,Título ocupacional explícito: aparece como denominación independiente y/o como núcleo inicial del cargo.,0.95,Fisioterapeuta | Fisioterapeuta especialista en seguridad y salud en el trabajo | Fisioterapeuta geriátrico,"Profesionales, científicos e intelectuales",high,5,1,1,TRUE,1,FALSE,FALSE,Fisioterapeuta,TRUE,FALSE,FALSE,TRUE,TRUE,TRUE,FALSE
fisioterapista,2,1546,1,2,1,1,1,1,1,3,TRUE,keep,Título ocupacional explícito: aparece como denominación independiente y/o como núcleo inicial del cargo.,0.91,Fisioterapista,"Profesionales, científicos e intelectuales",high,1,1,1,TRUE,1,FALSE,FALSE,Fisioterapista,TRUE,FALSE,FALSE,TRUE,TRUE,TRUE,FALSE
fitopatologo,2,916,1,2,1,1,1,1,1,3,TRUE,keep,Título ocupacional explícito: aparece como denominación independiente y/o como núcleo inicial del cargo.,0.91,Fitopatólogo,"Profesionales, científicos e intelectuales",high,1,1,1,TRUE,1,FALSE,FALSE,Fitopatólogo,TRUE,FALSE,FALSE,TRUE,TRUE,TRUE,FALSE
fitosaneador,6,4101,1,6,1,1,1,1,1,3,TRUE,keep,Título ocupacional explícito: aparece como denominación independiente y/o como núcleo inicial del cargo.,0.91,Fitosaneador,"Agricultores y trabajadores calificados agropecuarios, forestales y pesqueros",high,1,1,1,TRUE,1,FALSE,FALSE,Fitosaneador,TRUE,FALSE,FALSE,TRUE,TRUE,TRUE,FALSE
flautista,2,2324,1,2,0,1,1,1,1,3,TRUE,keep,Título ocupacional explícito: aparece como denominación independiente y/o como núcleo inicial del cargo.,0.91,Flautista,"Profesionales, científicos e intelectuales",high,1,1,1,TRUE,1,FALSE,FALSE,Flautista,TRUE,FALSE,FALSE,TRUE,TRUE,TRUE,FALSE
flebotomista,5,3995,1,5,0,0,1,1,1,3,TRUE,keep,Título ocupacional explícito: aparece como denominación independiente y/o como núcleo inicial del cargo.,0.91,Flebotomista,Trabajadores de los servicios y vendedores de comercios y mercados,high,1,1,1,TRUE,1,FALSE,FALSE,Flebotomista,TRUE,FALSE,FALSE,TRUE,TRUE,TRUE,FALSE
floricultor,6,4121,1,6,1,1,1,1,1,3,TRUE,keep,Título ocupacional explícito: aparece como denominación independiente y/o como núcleo inicial del cargo.,0.91,Floricultor,"Agricultores y trabajadores calificados agropecuarios, forestales y pesqueros",high,1,1,1,TRUE,1,FALSE,FALSE,Floricultor,TRUE,FALSE,FALSE,TRUE,TRUE,TRUE,FALSE
fonoaudiologo,2,1562,1,2,1,1,1,1,1,3,TRUE,keep,Título ocupacional explícito: aparece como denominación independiente y/o como núcleo inicial del cargo.,0.95,Fonoaudiólogo | Fonoaudiólogo especialista en audiología | Fonoaudiólogo especialista en cuidado crítico,"Profesionales, científicos e intelectuales",high,9,1,1,TRUE,1,FALSE,FALSE,Fonoaudiólogo,TRUE,FALSE,FALSE,TRUE,TRUE,TRUE,FALSE
fonologo,2,2263,1,2,0,1,1,1,1,3,TRUE,keep,Título ocupacional explícito: aparece como denominación independiente y/o como núcleo inicial del cargo.,0.91,Fonólogo,"Profesionales, científicos e intelectuales",high,1,1,1,TRUE,1,FALSE,FALSE,Fonólogo,TRUE,FALSE,FALSE,TRUE,TRUE,TRUE,FALSE
fonotecario,2,2059,1,2,0,1,1,1,1,3,TRUE,keep,Título ocupacional explícito: aparece como denominación independiente y/o como núcleo inicial del cargo.,0.95,Coordinador fonotecario | Fonotecario,"Profesionales, científicos e intelectuales",high,2,1,1,TRUE,0.5,FALSE,FALSE,"Fonotecario, fonotecario",TRUE,FALSE,FALSE,TRUE,TRUE,TRUE,FALSE
forjador,7,4502,1,7,1,0,0,1,1,2,TRUE,keep,Título ocupacional explícito: aparece como denominación independiente y/o como núcleo inicial del cargo.,0.95,Forjador | Forjador con herramientas | Forjador con martillo,"Oficiales, operarios, artesanos y trabajadores de ocupaciones afines",high,8,2,2,TRUE,0.875,FALSE,FALSE,"Forjador, forjador",TRUE,FALSE,FALSE,TRUE,TRUE,TRUE,FALSE
fotocompositor,7,4710,1,7,0,1,1,1,1,3,TRUE,keep,Título ocupacional explícito: aparece como denominación independiente y/o como núcleo inicial del cargo.,0.91,Fotocompositor,"Oficiales, operarios, artesanos y trabajadores de ocupaciones afines",high,1,1,1,TRUE,1,FALSE,FALSE,Fotocompositor,TRUE,FALSE,FALSE,TRUE,TRUE,TRUE,FALSE
fotografo,3,3487,1,3,0,0,1,1,1,3,TRUE,keep,Título ocupacional explícito: aparece como denominación independiente y/o como núcleo inicial del cargo.,0.95,Fotógrafo | Fotógrafo aéreo | Fotógrafo artístico,Técnicos y profesionales de nivel medio,high,24,1,1,TRUE,1,FALSE,FALSE,Fotógrafo,TRUE,FALSE,FALSE,TRUE,TRUE,TRUE,FALSE
fotolitograbador,7,4741,1,7,0,0,1,1,1,3,TRUE,keep,Núcleo de cargo: encabeza denominaciones CUOC del nivel y tiene forma de título ocupacional.,0.88,Fotolitograbador de imprenta,"Oficiales, operarios, artesanos y trabajadores de ocupaciones afines",high,1,1,1,FALSE,1,FALSE,FALSE,Fotolitograbador,TRUE,FALSE,FALSE,TRUE,TRUE,TRUE,FALSE
fotolitografo,7,4711,1,7,0,1,0,1,0,1,TRUE,keep,Título ocupacional explícito: aparece como denominación independiente y/o como núcleo inicial del cargo.,0.91,Fotolitógrafo,"Oficiales, operarios, artesanos y trabajadores de ocupaciones afines",high,1,1,1,TRUE,1,FALSE,FALSE,Fotolitógrafo,TRUE,FALSE,FALSE,TRUE,TRUE,TRUE,FALSE
fotomecanico,7,4712,1,7,0,1,0,1,0,1,TRUE,keep,Título ocupacional explícito: aparece como denominación independiente y/o como núcleo inicial del cargo.,0.91,Fotomecánico,"Oficiales, operarios, artesanos y trabajadores de ocupaciones afines",high,1,1,1,TRUE,1,FALSE,FALSE,Fotomecánico,TRUE,FALSE,FALSE,TRUE,TRUE,TRUE,FALSE
fotoperiodista,3,3491,1,3,0,0,1,1,1,3,TRUE,keep,Título ocupacional explícito: aparece como denominación independiente y/o como núcleo inicial del cargo.,0.91,Fotoperiodista,Técnicos y profesionales de nivel medio,high,1,1,1,TRUE,1,FALSE,FALSE,Fotoperiodista,TRUE,FALSE,FALSE,TRUE,TRUE,TRUE,FALSE
frentero,9,5898,1,9,0,1,0,1,0,1,TRUE,review,Aparece en un contexto CUOC limitado y no como núcleo del cargo; falta evidencia para mantenerlo o descartarlo automáticamente.,0.55,Minero frentero,Ocupaciones elementales,low,1,1,1,FALSE,0,FALSE,FALSE,frentero,FALSE,FALSE,TRUE,TRUE,FALSE,FALSE,FALSE
fresador,7,4539,1,7,1,1,1,1,1,3,TRUE,keep,Título ocupacional explícito: aparece como denominación independiente y/o como núcleo inicial del cargo.,0.95,Fresador | Tornero fresador de metal,"Oficiales, operarios, artesanos y trabajadores de ocupaciones afines",high,2,1,1,TRUE,0.5,FALSE,FALSE,"Fresador, fresador",TRUE,FALSE,FALSE,TRUE,TRUE,TRUE,FALSE
fruticultor,6,4098,1,6,1,1,1,1,1,3,TRUE,keep,Título ocupacional explícito: aparece como denominación independiente y/o como núcleo inicial del cargo.,0.91,Fruticultor,"Agricultores y trabajadores calificados agropecuarios, forestales y pesqueros",high,1,1,1,TRUE,1,FALSE,FALSE,Fruticultor,TRUE,FALSE,FALSE,TRUE,TRUE,TRUE,FALSE
futbolista,3,3437,1,3,0,0,1,1,1,3,TRUE,keep,Título ocupacional explícito: aparece como denominación independiente y/o como núcleo inicial del cargo.,0.91,Futbolista,Técnicos y profesionales de nivel medio,high,1,1,1,TRUE,1,FALSE,FALSE,Futbolista,TRUE,FALSE,FALSE,TRUE,TRUE,TRUE,FALSE
futurologo,2,2083,1,2,0,1,0,1,0,1,TRUE,keep,Título ocupacional explícito: aparece como denominación independiente y/o como núcleo inicial del cargo.,0.91,Futurólogo,"Profesionales, científicos e intelectuales",high,1,1,1,TRUE,1,FALSE,FALSE,Futurólogo,TRUE,FALSE,FALSE,TRUE,TRUE,TRUE,FALSE
gaitero,2,2325,1,2,0,1,1,1,1,3,TRUE,keep,Título ocupacional explícito: aparece como denominación independiente y/o como núcleo inicial del cargo.,0.91,Gaitero,"Profesionales, científicos e intelectuales",high,1,1,1,TRUE,1,FALSE,FALSE,Gaitero,TRUE,FALSE,FALSE,TRUE,TRUE,TRUE,FALSE
galerista,1,684,1,1,0,1,1,1,1,3,TRUE,keep,Título ocupacional explícito: aparece como denominación independiente y/o como núcleo inicial del cargo.,0.91,Galerista,Directores y gerentes,high,1,1,1,TRUE,1,FALSE,FALSE,Galerista,TRUE,FALSE,FALSE,TRUE,TRUE,TRUE,FALSE
galletero,7,5007,1,7,1,1,1,1,1,3,TRUE,keep,Título ocupacional explícito: aparece como denominación independiente y/o como núcleo inicial del cargo.,0.95,Galletero | Panadero galletero,"Oficiales, operarios, artesanos y trabajadores de ocupaciones afines",high,2,1,1,TRUE,0.5,FALSE,FALSE,"Galletero, galletero",TRUE,FALSE,FALSE,TRUE,TRUE,TRUE,FALSE
galponero,6,4161,1,6,0,0,1,1,1,3,TRUE,keep,Núcleo de cargo: encabeza denominaciones CUOC del nivel y tiene forma de título ocupacional.,0.88,Galponero avícola,"Agricultores y trabajadores calificados agropecuarios, forestales y pesqueros",high,1,1,1,FALSE,1,FALSE,FALSE,Galponero,TRUE,FALSE,FALSE,TRUE,TRUE,TRUE,FALSE
galvanizador,8,5338,1,8,0,0,1,1,1,3,TRUE,keep,Título ocupacional explícito: aparece como denominación independiente y/o como núcleo inicial del cargo.,0.91,Galvanizador,Operadores de instalaciones y máquinas y ensambladores,high,1,1,1,TRUE,1,FALSE,FALSE,Galvanizador,TRUE,FALSE,FALSE,TRUE,TRUE,TRUE,FALSE
garruchero,9,5863,1,9,0,1,1,1,1,3,TRUE,keep,Título ocupacional explícito: aparece como denominación independiente y/o como núcleo inicial del cargo.,0.91,Garruchero,Ocupaciones elementales,high,1,1,1,TRUE,1,FALSE,FALSE,Garruchero,TRUE,FALSE,FALSE,TRUE,TRUE,TRUE,FALSE
gasfitero,7,4402,1,7,0,0,1,1,1,3,TRUE,keep,Núcleo de cargo: encabeza denominaciones CUOC del nivel y tiene forma de título ocupacional.,0.88,Gasfitero e instalador de tuberías,"Oficiales, operarios, artesanos y trabajadores de ocupaciones afines",high,1,1,1,FALSE,1,FALSE,FALSE,Gasfitero,TRUE,FALSE,FALSE,TRUE,TRUE,TRUE,FALSE
gastroenterologo,2,1416,1,2,1,1,1,1,1,3,TRUE,keep,Título ocupacional explícito: aparece como denominación independiente y/o como núcleo inicial del cargo.,0.91,Gastroenterólogo,"Profesionales, científicos e intelectuales",high,1,1,1,TRUE,1,FALSE,FALSE,Gastroenterólogo,TRUE,FALSE,FALSE,TRUE,TRUE,TRUE,FALSE
gaverero,7,5032,1,7,1,1,1,1,1,3,TRUE,keep,Núcleo de cargo: encabeza denominaciones CUOC del nivel y tiene forma de título ocupacional.,0.88,Gaverero de panela,"Oficiales, operarios, artesanos y trabajadores de ocupaciones afines",high,1,1,1,FALSE,1,FALSE,FALSE,Gaverero,TRUE,FALSE,FALSE,TRUE,TRUE,TRUE,FALSE
gemologo,2,840,1,2,1,1,1,1,1,3,TRUE,keep,Título ocupacional explícito: aparece como denominación independiente y/o como núcleo inicial del cargo.,0.95,Gemólogo | Gemólogo asesor en calidad | Gemólogo especialista avaluador de gemas,"Profesionales, científicos e intelectuales",high,13,1,1,TRUE,1,FALSE,FALSE,Gemólogo,TRUE,FALSE,FALSE,TRUE,TRUE,TRUE,FALSE
genealogista,2,2084,1,2,0,1,1,1,1,3,TRUE,keep,Título ocupacional explícito: aparece como denominación independiente y/o como núcleo inicial del cargo.,0.91,Genealogista,"Profesionales, científicos e intelectuales",high,1,1,1,TRUE,1,FALSE,FALSE,Genealogista,TRUE,FALSE,FALSE,TRUE,TRUE,TRUE,FALSE
genetista,2,917,1,2,1,1,1,1,1,3,TRUE,keep,Título ocupacional explícito: aparece como denominación independiente y/o como núcleo inicial del cargo.,0.95,Genetista | Genetista celular | Genetista de botánica,"Profesionales, científicos e intelectuales",high,5,1,1,TRUE,1,FALSE,FALSE,Genetista,TRUE,FALSE,FALSE,TRUE,TRUE,TRUE,FALSE
geocientifico,2,810,1,2,1,0,1,1,1,3,TRUE,keep,Título ocupacional explícito: aparece como denominación independiente y/o como núcleo inicial del cargo.,0.91,Geocientífico,"Profesionales, científicos e intelectuales",high,1,1,1,TRUE,1,FALSE,FALSE,Geocientífico,TRUE,FALSE,FALSE,TRUE,TRUE,TRUE,FALSE
geodesta,2,1296,1,2,1,1,1,1,1,3,TRUE,keep,Título ocupacional explícito: aparece como denominación independiente y/o como núcleo inicial del cargo.,0.95,Geodesta | Ingeniero catastral y geodesta,"Profesionales, científicos e intelectuales",high,2,1,1,TRUE,0.5,FALSE,FALSE,"Geodesta, geodesta",TRUE,FALSE,FALSE,TRUE,TRUE,TRUE,FALSE
geografo,2,1302,1,2,1,1,1,1,1,3,TRUE,keep,Título ocupacional explícito: aparece como denominación independiente y/o como núcleo inicial del cargo.,0.95,Ingeniero geógrafo | Ingeniero geógrafo y ambiental | Geógrafo,"Profesionales, científicos e intelectuales",high,7,2,2,TRUE,0.714,FALSE,FALSE,"Geógrafo, geógrafo",TRUE,FALSE,FALSE,TRUE,TRUE,TRUE,FALSE
geohidrologo,2,818,1,2,1,1,0,1,1,2,TRUE,keep,Título ocupacional explícito: aparece como denominación independiente y/o como núcleo inicial del cargo.,0.91,Geohidrólogo,"Profesionales, científicos e intelectuales",high,1,1,1,TRUE,1,FALSE,FALSE,Geohidrólogo,TRUE,FALSE,FALSE,TRUE,TRUE,TRUE,FALSE
geomagneticista,2,825,1,2,1,1,1,1,1,3,TRUE,keep,Título ocupacional explícito: aparece como denominación independiente y/o como núcleo inicial del cargo.,0.91,Geomagneticista,"Profesionales, científicos e intelectuales",high,1,1,1,TRUE,1,FALSE,FALSE,Geomagneticista,TRUE,FALSE,FALSE,TRUE,TRUE,TRUE,FALSE
geomagnetista,2,826,1,2,1,1,1,1,1,3,TRUE,keep,Título ocupacional explícito: aparece como denominación independiente y/o como núcleo inicial del cargo.,0.91,Geomagnetista,"Profesionales, científicos e intelectuales",high,1,1,1,TRUE,1,FALSE,FALSE,Geomagnetista,TRUE,FALSE,FALSE,TRUE,TRUE,TRUE,FALSE
geomorfologo,2,827,1,2,1,1,1,1,1,3,TRUE,keep,Título ocupacional explícito: aparece como denominación independiente y/o como núcleo inicial del cargo.,0.91,Geomorfólogo,"Profesionales, científicos e intelectuales",high,1,1,1,TRUE,1,FALSE,FALSE,Geomorfólogo,TRUE,FALSE,FALSE,TRUE,TRUE,TRUE,FALSE
geoquimico,2,828,1,2,1,1,1,1,1,3,TRUE,keep,Título ocupacional explícito: aparece como denominación independiente y/o como núcleo inicial del cargo.,0.91,Geoquímico,"Profesionales, científicos e intelectuales",high,1,1,1,TRUE,1,FALSE,FALSE,Geoquímico,TRUE,FALSE,FALSE,TRUE,TRUE,TRUE,FALSE
geotecnico,2,1021,1,2,1,1,1,1,1,3,TRUE,keep,Título ocupacional explícito: aparece como denominación independiente y/o como núcleo inicial del cargo.,0.95,Geotécnico | Ingeniero geotécnico,"Profesionales, científicos e intelectuales",high,2,1,1,TRUE,0.5,FALSE,FALSE,"Geotécnico, geotécnico",TRUE,FALSE,FALSE,TRUE,TRUE,TRUE,FALSE
geotecnista,2,1022,1,2,1,1,1,1,1,3,TRUE,keep,Título ocupacional explícito: aparece como denominación independiente y/o como núcleo inicial del cargo.,0.91,Geotecnista,"Profesionales, científicos e intelectuales",high,1,1,1,TRUE,1,FALSE,FALSE,Geotecnista,TRUE,FALSE,FALSE,TRUE,TRUE,TRUE,FALSE
geotecnologo,2,829,1,2,1,1,1,1,1,3,TRUE,keep,Título ocupacional explícito: aparece como denominación independiente y/o como núcleo inicial del cargo.,0.91,Geotecnólogo,"Profesionales, científicos e intelectuales",high,1,1,1,TRUE,1,FALSE,FALSE,Geotecnólogo,TRUE,FALSE,FALSE,TRUE,TRUE,TRUE,FALSE
geriatra,2,1417,1,2,1,1,0,1,1,2,TRUE,keep,Título ocupacional explícito: aparece como denominación independiente y/o como núcleo inicial del cargo.,0.91,Geriatra,"Profesionales, científicos e intelectuales",high,1,1,1,TRUE,1,FALSE,FALSE,Geriatra,TRUE,FALSE,FALSE,TRUE,TRUE,TRUE,FALSE
gerontologo,2,1418,1,2,1,1,1,1,1,3,TRUE,keep,Título ocupacional explícito: aparece como denominación independiente y/o como núcleo inicial del cargo.,0.95,Gerontólogo | Médico gerontólogo,"Profesionales, científicos e intelectuales",high,2,1,1,TRUE,0.5,FALSE,FALSE,"Gerontólogo, gerontólogo",TRUE,FALSE,FALSE,TRUE,TRUE,TRUE,FALSE
gigolo,5,3914,1,5,0,0,1,1,1,3,TRUE,keep,Título ocupacional explícito: aparece como denominación independiente y/o como núcleo inicial del cargo.,0.91,Gigoló,Trabajadores de los servicios y vendedores de comercios y mercados,high,1,1,1,TRUE,1,FALSE,FALSE,Gigoló,TRUE,FALSE,FALSE,TRUE,TRUE,TRUE,FALSE
ginecobstetra,2,1419,1,2,1,1,1,1,1,3,TRUE,keep,Título ocupacional explícito: aparece como denominación independiente y/o como núcleo inicial del cargo.,0.95,Ginecobstetra | Médico ginecobstetra,"Profesionales, científicos e intelectuales",high,2,1,1,TRUE,0.5,FALSE,FALSE,"Ginecobstetra, ginecobstetra",TRUE,FALSE,FALSE,TRUE,TRUE,TRUE,FALSE
ginecologo,2,1420,1,2,1,1,1,1,1,3,TRUE,keep,Título ocupacional explícito: aparece como denominación independiente y/o como núcleo inicial del cargo.,0.91,Ginecólogo,"Profesionales, científicos e intelectuales",high,1,1,1,TRUE,1,FALSE,FALSE,Ginecólogo,TRUE,FALSE,FALSE,TRUE,TRUE,TRUE,FALSE
glaciologo,2,830,1,2,1,1,1,1,1,3,TRUE,keep,Título ocupacional explícito: aparece como denominación independiente y/o como núcleo inicial del cargo.,0.91,Glaciólogo,"Profesionales, científicos e intelectuales",high,1,1,1,TRUE,1,FALSE,FALSE,Glaciólogo,TRUE,FALSE,FALSE,TRUE,TRUE,TRUE,FALSE
golfista,3,3438,1,3,0,0,1,1,1,3,TRUE,keep,Título ocupacional explícito: aparece como denominación independiente y/o como núcleo inicial del cargo.,0.91,Golfista,Técnicos y profesionales de nivel medio,high,1,1,1,TRUE,1,FALSE,FALSE,Golfista,TRUE,FALSE,FALSE,TRUE,TRUE,TRUE,FALSE
grafitero,2,2294,1,2,0,1,1,1,1,3,TRUE,keep,Título ocupacional explícito: aparece como denominación independiente y/o como núcleo inicial del cargo.,0.91,Grafitero,"Profesionales, científicos e intelectuales",high,1,1,1,TRUE,1,FALSE,FALSE,Grafitero,TRUE,FALSE,FALSE,TRUE,TRUE,TRUE,FALSE
grafologo,2,2264,1,2,0,1,1,1,1,3,TRUE,keep,Título ocupacional explícito: aparece como denominación independiente y/o como núcleo inicial del cargo.,0.91,Grafólogo,"Profesionales, científicos e intelectuales",high,1,1,1,TRUE,1,FALSE,FALSE,Grafólogo,TRUE,FALSE,FALSE,TRUE,TRUE,TRUE,FALSE
granallador,7,4586,1,7,0,0,1,1,1,3,TRUE,keep,Título ocupacional explícito: aparece como denominación independiente y/o como núcleo inicial del cargo.,0.95,Granallador | Sandblastero granallador industria petrolera,"Oficiales, operarios, artesanos y trabajadores de ocupaciones afines",high,2,1,1,TRUE,0.5,FALSE,FALSE,"Granallador, granallador",TRUE,FALSE,FALSE,TRUE,TRUE,TRUE,FALSE
granjero,6,4160,1,6,1,0,1,1,1,3,TRUE,keep,Núcleo de cargo: encabeza denominaciones CUOC del nivel y tiene forma de título ocupacional.,0.93,Granjero de aprovechamiento avícola | Granjero de aves de corral | Granjero de avicultura,"Agricultores y trabajadores calificados agropecuarios, forestales y pesqueros",high,5,1,1,FALSE,1,FALSE,FALSE,Granjero,TRUE,FALSE,FALSE,TRUE,TRUE,TRUE,FALSE
guarapero,7,5033,1,7,1,1,1,1,1,3,TRUE,keep,Núcleo de cargo: encabeza denominaciones CUOC del nivel y tiene forma de título ocupacional.,0.88,Guarapero de panela,"Oficiales, operarios, artesanos y trabajadores de ocupaciones afines",high,1,1,1,FALSE,1,FALSE,FALSE,Guarapero,TRUE,FALSE,FALSE,TRUE,TRUE,TRUE,FALSE
guardabosque,5,4033,1,5,0,1,1,1,1,3,TRUE,review,"Aparece al inicio de una denominación, pero la evidencia es escasa o la forma léxica no es inequívocamente ocupacional.",0.64,Guardabosque de parque para protección del medio ambiente,Trabajadores de los servicios y vendedores de comercios y mercados,low,1,1,1,FALSE,1,FALSE,FALSE,Guardabosque,FALSE,FALSE,TRUE,TRUE,FALSE,FALSE,FALSE
guardabosques,5,4034,1,5,0,1,1,1,1,3,TRUE,keep,Título ocupacional explícito: aparece como denominación independiente y/o como núcleo inicial del cargo.,0.91,Guardabosques,Trabajadores de los servicios y vendedores de comercios y mercados,high,1,1,1,TRUE,1,FALSE,FALSE,Guardabosques,TRUE,FALSE,FALSE,TRUE,TRUE,TRUE,FALSE
guardacostas,5,4035,1,5,0,1,1,1,1,3,TRUE,keep,Título ocupacional explícito: aparece como denominación independiente y/o como núcleo inicial del cargo.,0.91,Guardacostas,Trabajadores de los servicios y vendedores de comercios y mercados,high,1,1,1,TRUE,1,FALSE,FALSE,Guardacostas,TRUE,FALSE,FALSE,TRUE,TRUE,TRUE,FALSE
guardaespaldas,5,4016,1,5,0,1,1,1,1,3,TRUE,keep,Título ocupacional explícito: aparece como denominación independiente y/o como núcleo inicial del cargo.,0.91,Guardaespaldas,Trabajadores de los servicios y vendedores de comercios y mercados,high,1,1,1,TRUE,1,FALSE,FALSE,Guardaespaldas,TRUE,FALSE,FALSE,TRUE,TRUE,TRUE,FALSE
guardalamparas,9,5896,1,9,0,1,0,1,0,1,TRUE,keep,Título ocupacional explícito: aparece como denominación independiente y/o como núcleo inicial del cargo.,0.91,Guardalámparas,Ocupaciones elementales,high,1,1,1,TRUE,1,FALSE,FALSE,Guardalámparas,TRUE,FALSE,FALSE,TRUE,TRUE,TRUE,FALSE
guarnecedor,7,5168,1,7,0,0,1,1,1,3,TRUE,keep,Núcleo de cargo: encabeza denominaciones CUOC del nivel y tiene forma de título ocupacional.,0.88,Guarnecedor de calzado,"Oficiales, operarios, artesanos y trabajadores de ocupaciones afines",high,1,1,1,FALSE,1,FALSE,FALSE,Guarnecedor,TRUE,FALSE,FALSE,TRUE,TRUE,TRUE,FALSE
guionista,2,2206,1,2,0,1,1,1,1,3,TRUE,keep,Título ocupacional explícito: aparece como denominación independiente y/o como núcleo inicial del cargo.,0.95,Guionista | Guionista transmedia,"Profesionales, científicos e intelectuales",high,2,1,1,TRUE,1,FALSE,FALSE,Guionista,TRUE,FALSE,FALSE,TRUE,TRUE,TRUE,FALSE
guitarrista,2,2326,1,2,0,1,1,1,1,3,TRUE,keep,Título ocupacional explícito: aparece como denominación independiente y/o como núcleo inicial del cargo.,0.91,Guitarrista,"Profesionales, científicos e intelectuales",high,1,1,1,TRUE,1,FALSE,FALSE,Guitarrista,TRUE,FALSE,FALSE,TRUE,TRUE,TRUE,FALSE
head,1,543,1,1,0,1,0,1,0,1,TRUE,review,Aparece en un contexto CUOC limitado y no como núcleo del cargo; falta evidencia para mantenerlo o descartarlo automáticamente.,0.55,Jefe de departamento de análisis (head of analytics) | Jefe de departamento de datos (head of data),Directores y gerentes,low,2,1,1,FALSE,0,FALSE,FALSE,head,FALSE,FALSE,TRUE,TRUE,FALSE,FALSE,FALSE
helmintologo,2,919,1,2,1,1,1,1,1,3,TRUE,keep,Título ocupacional explícito: aparece como denominación independiente y/o como núcleo inicial del cargo.,0.91,Helmintólogo,"Profesionales, científicos e intelectuales",high,1,1,1,TRUE,1,FALSE,FALSE,Helmintólogo,TRUE,FALSE,FALSE,TRUE,TRUE,TRUE,FALSE
hematologo,2,1421,1,2,1,1,1,1,1,3,TRUE,keep,Título ocupacional explícito: aparece como denominación independiente y/o como núcleo inicial del cargo.,0.95,Hematólogo | Hematólogo clínico,"Profesionales, científicos e intelectuales",high,2,1,1,TRUE,1,FALSE,FALSE,Hematólogo,TRUE,FALSE,FALSE,TRUE,TRUE,TRUE,FALSE
hematoncologo,2,1422,1,2,0,1,1,1,1,3,TRUE,keep,Título ocupacional explícito: aparece como denominación independiente y/o como núcleo inicial del cargo.,0.91,Hematoncólogo,"Profesionales, científicos e intelectuales",high,1,1,1,TRUE,1,FALSE,FALSE,Hematoncólogo,TRUE,FALSE,FALSE,TRUE,TRUE,TRUE,FALSE
herpetologo,2,920,1,2,0,1,1,1,1,3,TRUE,keep,Título ocupacional explícito: aparece como denominación independiente y/o como núcleo inicial del cargo.,0.91,Herpetólogo,"Profesionales, científicos e intelectuales",high,1,1,1,TRUE,1,FALSE,FALSE,Herpetólogo,TRUE,FALSE,FALSE,TRUE,TRUE,TRUE,FALSE
herrador,7,4506,1,7,0,0,1,1,1,3,TRUE,keep,Título ocupacional explícito: aparece como denominación independiente y/o como núcleo inicial del cargo.,0.91,Herrador,"Oficiales, operarios, artesanos y trabajadores de ocupaciones afines",high,1,1,1,TRUE,1,FALSE,FALSE,Herrador,TRUE,FALSE,FALSE,TRUE,TRUE,TRUE,FALSE
herrero,7,4507,1,7,0,0,1,1,1,3,TRUE,keep,Título ocupacional explícito: aparece como denominación independiente y/o como núcleo inicial del cargo.,0.95,Herrero | Artesano herrero | Herrero de objetos artesanales,"Oficiales, operarios, artesanos y trabajadores de ocupaciones afines",high,3,2,2,TRUE,0.667,FALSE,FALSE,"Herrero, herrero",TRUE,FALSE,FALSE,TRUE,TRUE,TRUE,FALSE
herreros,3,2773,1,3,0,1,1,1,1,3,TRUE,review,Aparece en un contexto CUOC limitado y no como núcleo del cargo; falta evidencia para mantenerlo o descartarlo automáticamente.,0.55,Supervisor de herreros y forjadores,Técnicos y profesionales de nivel medio,low,1,1,1,FALSE,0,FALSE,FALSE,herreros,FALSE,FALSE,TRUE,TRUE,FALSE,FALSE,FALSE
hidrobiologo,2,921,1,2,1,1,1,1,1,3,TRUE,keep,Título ocupacional explícito: aparece como denominación independiente y/o como núcleo inicial del cargo.,0.91,Hidrobiólogo,"Profesionales, científicos e intelectuales",high,1,1,1,TRUE,1,FALSE,FALSE,Hidrobiólogo,TRUE,FALSE,FALSE,TRUE,TRUE,TRUE,FALSE
hidrogeologo,2,831,1,2,1,1,1,1,1,3,TRUE,keep,Título ocupacional explícito: aparece como denominación independiente y/o como núcleo inicial del cargo.,0.91,Hidrogeólogo,"Profesionales, científicos e intelectuales",high,1,1,1,TRUE,1,FALSE,FALSE,Hidrogeólogo,TRUE,FALSE,FALSE,TRUE,TRUE,TRUE,FALSE
hidrografo,2,1297,1,2,1,1,1,1,1,3,TRUE,keep,Título ocupacional explícito: aparece como denominación independiente y/o como núcleo inicial del cargo.,0.91,Hidrógrafo,"Profesionales, científicos e intelectuales",high,1,1,1,TRUE,1,FALSE,FALSE,Hidrógrafo,TRUE,FALSE,FALSE,TRUE,TRUE,TRUE,FALSE
hidrologo,2,832,1,2,1,1,1,1,1,3,TRUE,keep,Título ocupacional explícito: aparece como denominación independiente y/o como núcleo inicial del cargo.,0.95,Hidrólogo | Ingeniero hidrólogo,"Profesionales, científicos e intelectuales",high,2,2,2,TRUE,0.5,FALSE,FALSE,"Hidrólogo, hidrólogo",TRUE,FALSE,FALSE,TRUE,TRUE,TRUE,FALSE
hidrometeorologo,2,779,1,2,0,1,1,1,1,3,TRUE,keep,Título ocupacional explícito: aparece como denominación independiente y/o como núcleo inicial del cargo.,0.91,Hidrometeorólogo,"Profesionales, científicos e intelectuales",high,1,1,1,TRUE,1,FALSE,FALSE,Hidrometeorólogo,TRUE,FALSE,FALSE,TRUE,TRUE,TRUE,FALSE
hidrometrista,2,833,1,2,1,1,1,1,1,3,TRUE,keep,Título ocupacional explícito: aparece como denominación independiente y/o como núcleo inicial del cargo.,0.91,Hidrometrista,"Profesionales, científicos e intelectuales",high,1,1,1,TRUE,1,FALSE,FALSE,Hidrometrista,TRUE,FALSE,FALSE,TRUE,TRUE,TRUE,FALSE
hidroterapeuta,3,3143,1,3,0,1,1,1,1,3,TRUE,keep,Título ocupacional explícito: aparece como denominación independiente y/o como núcleo inicial del cargo.,0.91,Hidroterapeuta,Técnicos y profesionales de nivel medio,high,1,1,1,TRUE,1,FALSE,FALSE,Hidroterapeuta,TRUE,FALSE,FALSE,TRUE,TRUE,TRUE,FALSE
hiladoras,7,4633,1,7,1,0,0,1,1,2,TRUE,review,Aparece en un contexto CUOC limitado y no como núcleo del cargo; falta evidencia para mantenerlo o descartarlo automáticamente.,0.55,Mecánico de hiladoras,"Oficiales, operarios, artesanos y trabajadores de ocupaciones afines",low,1,1,1,FALSE,0,FALSE,FALSE,hiladoras,FALSE,FALSE,TRUE,TRUE,FALSE,FALSE,FALSE
hipnoterapeuta,2,1480,1,2,0,1,1,1,1,3,TRUE,keep,Título ocupacional explícito: aparece como denominación independiente y/o como núcleo inicial del cargo.,0.91,Hipnoterapeuta,"Profesionales, científicos e intelectuales",high,1,1,1,TRUE,1,FALSE,FALSE,Hipnoterapeuta,TRUE,FALSE,FALSE,TRUE,TRUE,TRUE,FALSE
hipnotizador,2,2548,1,2,0,0,1,1,1,3,TRUE,keep,Título ocupacional explícito: aparece como denominación independiente y/o como núcleo inicial del cargo.,0.91,Hipnotizador,"Profesionales, científicos e intelectuales",high,1,1,1,TRUE,1,FALSE,FALSE,Hipnotizador,TRUE,FALSE,FALSE,TRUE,TRUE,TRUE,FALSE
histologo,2,922,1,2,1,1,1,1,1,3,TRUE,keep,Título ocupacional explícito: aparece como denominación independiente y/o como núcleo inicial del cargo.,0.95,Histólogo | Histólogo de animales | Histólogo de plantas,"Profesionales, científicos e intelectuales",high,3,1,1,TRUE,1,FALSE,FALSE,Histólogo,TRUE,FALSE,FALSE,TRUE,TRUE,TRUE,FALSE
histopatologo,2,1423,1,2,0,1,1,1,1,3,TRUE,keep,Título ocupacional explícito: aparece como denominación independiente y/o como núcleo inicial del cargo.,0.95,Histopatólogo | Patólogo histopatólogo,"Profesionales, científicos e intelectuales",high,2,1,1,TRUE,0.5,FALSE,FALSE,"Histopatólogo, histopatólogo",TRUE,FALSE,FALSE,TRUE,TRUE,TRUE,FALSE
historiador,2,2085,1,2,1,1,1,1,1,3,TRUE,keep,Título ocupacional explícito: aparece como denominación independiente y/o como núcleo inicial del cargo.,0.95,Historiador | Historiador de arte | Historiador de ciencias sociales,"Profesionales, científicos e intelectuales",high,5,1,1,TRUE,1,FALSE,FALSE,Historiador,TRUE,FALSE,FALSE,TRUE,TRUE,TRUE,FALSE
historietista,2,2292,1,2,0,0,1,1,1,3,TRUE,keep,Título ocupacional explícito: aparece como denominación independiente y/o como núcleo inicial del cargo.,0.95,Caricaturista y dibujante cómico e historietista | Historietista,"Profesionales, científicos e intelectuales",high,2,1,1,TRUE,0.5,FALSE,FALSE,"Historietista, historietista",TRUE,FALSE,FALSE,TRUE,TRUE,TRUE,FALSE
hojalatero,7,4479,1,7,1,1,1,1,1,3,TRUE,keep,Título ocupacional explícito: aparece como denominación independiente y/o como núcleo inicial del cargo.,0.91,Hojalatero,"Oficiales, operarios, artesanos y trabajadores de ocupaciones afines",high,1,1,1,TRUE,1,FALSE,FALSE,Hojalatero,TRUE,FALSE,FALSE,TRUE,TRUE,TRUE,FALSE
homeopata,2,1481,1,2,0,1,1,1,1,3,TRUE,keep,Título ocupacional explícito: aparece como denominación independiente y/o como núcleo inicial del cargo.,0.95,Homeópata | Médico homeópata | Profesional homeópata,"Profesionales, científicos e intelectuales",high,3,1,1,TRUE,0.333,FALSE,FALSE,"Homeópata, homeópata",TRUE,FALSE,FALSE,TRUE,TRUE,TRUE,FALSE
hormador,7,4850,1,7,0,0,1,0,1,2,TRUE,keep,Núcleo de cargo: encabeza denominaciones CUOC del nivel y tiene forma de título ocupacional.,0.88,Hormador de sombreros,"Oficiales, operarios, artesanos y trabajadores de ocupaciones afines",high,1,1,1,FALSE,1,FALSE,FALSE,Hormador,TRUE,FALSE,FALSE,TRUE,TRUE,TRUE,FALSE
hornillero,7,5034,1,7,1,1,1,1,1,3,TRUE,keep,Núcleo de cargo: encabeza denominaciones CUOC del nivel y tiene forma de título ocupacional.,0.88,Hornillero de panela,"Oficiales, operarios, artesanos y trabajadores de ocupaciones afines",high,1,1,1,FALSE,1,FALSE,FALSE,Hornillero,TRUE,FALSE,FALSE,TRUE,TRUE,TRUE,FALSE
horticultor,6,4123,1,6,1,0,1,0,1,2,TRUE,keep,Título ocupacional explícito: aparece como denominación independiente y/o como núcleo inicial del cargo.,0.95,Horticultor | Horticultor de vivero,"Agricultores y trabajadores calificados agropecuarios, forestales y pesqueros",high,2,1,1,TRUE,1,FALSE,FALSE,Horticultor,TRUE,FALSE,FALSE,TRUE,TRUE,TRUE,FALSE
humorista,2,2295,1,2,0,1,1,1,1,3,TRUE,keep,Título ocupacional explícito: aparece como denominación independiente y/o como núcleo inicial del cargo.,0.95,Humorista gráfico | Humorista,"Profesionales, científicos e intelectuales",high,2,2,2,TRUE,1,FALSE,FALSE,Humorista,TRUE,FALSE,FALSE,TRUE,TRUE,TRUE,FALSE
ictiologo,2,925,1,2,1,1,1,1,1,3,TRUE,keep,Título ocupacional explícito: aparece como denominación independiente y/o como núcleo inicial del cargo.,0.91,Ictiólogo,"Profesionales, científicos e intelectuales",high,1,1,1,TRUE,1,FALSE,FALSE,Ictiólogo,TRUE,FALSE,FALSE,TRUE,TRUE,TRUE,FALSE
ilusionista,2,2551,1,2,0,1,1,1,1,3,TRUE,keep,Título ocupacional explícito: aparece como denominación independiente y/o como núcleo inicial del cargo.,0.91,Ilusionista,"Profesionales, científicos e intelectuales",high,1,1,1,TRUE,1,FALSE,FALSE,Ilusionista,TRUE,FALSE,FALSE,TRUE,TRUE,TRUE,FALSE
imitador,2,2552,1,2,0,0,1,1,1,3,TRUE,keep,Título ocupacional explícito: aparece como denominación independiente y/o como núcleo inicial del cargo.,0.91,Imitador,"Profesionales, científicos e intelectuales",high,1,1,1,TRUE,1,FALSE,FALSE,Imitador,TRUE,FALSE,FALSE,TRUE,TRUE,TRUE,FALSE
impermeabilizador,7,4325,1,7,1,1,1,1,1,3,TRUE,keep,Núcleo de cargo: encabeza denominaciones CUOC del nivel y tiene forma de título ocupacional.,0.93,Impermeabilizador de tejados | Impermeabilizador de superficies,"Oficiales, operarios, artesanos y trabajadores de ocupaciones afines",high,2,2,2,FALSE,1,FALSE,FALSE,Impermeabilizador,TRUE,FALSE,FALSE,TRUE,TRUE,TRUE,FALSE
implantologo,2,1520,1,2,0,1,1,1,1,3,TRUE,keep,Núcleo de cargo: encabeza denominaciones CUOC del nivel y tiene forma de título ocupacional.,0.88,Implantólogo oral,"Profesionales, científicos e intelectuales",high,1,1,1,FALSE,1,FALSE,FALSE,Implantólogo,TRUE,FALSE,FALSE,TRUE,TRUE,TRUE,FALSE
improvisador,2,2374,1,2,0,1,1,1,1,3,TRUE,keep,Núcleo de cargo: encabeza denominaciones CUOC del nivel y tiene forma de título ocupacional.,0.88,Improvisador musical,"Profesionales, científicos e intelectuales",high,1,1,1,FALSE,1,FALSE,FALSE,Improvisador,TRUE,FALSE,FALSE,TRUE,TRUE,TRUE,FALSE
infectologo,2,1424,1,2,1,1,1,1,1,3,TRUE,keep,Título ocupacional explícito: aparece como denominación independiente y/o como núcleo inicial del cargo.,0.95,Infectólogo | Médico infectólogo,"Profesionales, científicos e intelectuales",high,2,1,1,TRUE,0.5,FALSE,FALSE,"Infectólogo, infectólogo",TRUE,FALSE,FALSE,TRUE,TRUE,TRUE,FALSE
influencer,2,1925,1,2,0,1,0,1,0,1,TRUE,keep,Título ocupacional explícito: aparece como denominación independiente y/o como núcleo inicial del cargo.,0.91,Influencer,"Profesionales, científicos e intelectuales",high,1,1,1,TRUE,1,FALSE,FALSE,Influencer,TRUE,FALSE,FALSE,TRUE,TRUE,TRUE,FALSE
influenciador,2,1926,1,2,0,1,0,1,0,1,TRUE,keep,Título ocupacional explícito: aparece como denominación independiente y/o como núcleo inicial del cargo.,0.91,Influenciador,"Profesionales, científicos e intelectuales",high,1,1,1,TRUE,1,FALSE,FALSE,Influenciador,TRUE,FALSE,FALSE,TRUE,TRUE,TRUE,FALSE
injertador,6,4102,1,6,0,0,1,1,1,3,TRUE,keep,Título ocupacional explícito: aparece como denominación independiente y/o como núcleo inicial del cargo.,0.95,Injertador de arboles | Injertador,"Agricultores y trabajadores calificados agropecuarios, forestales y pesqueros",high,2,2,2,TRUE,1,FALSE,FALSE,Injertador,TRUE,FALSE,FALSE,TRUE,TRUE,TRUE,FALSE
inmunologo,2,927,1,2,1,1,1,1,1,3,TRUE,keep,Título ocupacional explícito: aparece como denominación independiente y/o como núcleo inicial del cargo.,0.95,Inmunólogo | Inmunólogo clínico,"Profesionales, científicos e intelectuales",high,2,2,2,TRUE,1,FALSE,FALSE,Inmunólogo,TRUE,FALSE,FALSE,TRUE,TRUE,TRUE,FALSE
instaladores,3,2775,1,3,1,0,1,0,1,2,TRUE,review,"Término técnico o sectorial repetido, pero funciona como especialidad, objeto, proceso o contexto y puede cruzar niveles.",0.68,Supervisor de instaladores de estructuras metálicas | Supervisor de instaladores de redes de energía eléctrica | Supervisor de instaladores de sistemas de aspersión,Técnicos y profesionales de nivel medio,medium,10,3,5,FALSE,0,FALSE,FALSE,instaladores,FALSE,FALSE,TRUE,TRUE,FALSE,FALSE,FALSE
institutriz,5,3976,1,5,1,1,1,1,1,3,TRUE,keep,Título ocupacional explícito: aparece como denominación independiente y/o como núcleo inicial del cargo.,0.95,Institutriz | Institutriz de niños,Trabajadores de los servicios y vendedores de comercios y mercados,high,2,1,1,TRUE,1,FALSE,FALSE,Institutriz,TRUE,FALSE,FALSE,TRUE,TRUE,TRUE,FALSE
internista,2,1425,1,2,1,0,1,1,1,3,TRUE,keep,Título ocupacional explícito: aparece como denominación independiente y/o como núcleo inicial del cargo.,0.95,Internista | Médico internista,"Profesionales, científicos e intelectuales",high,2,1,1,TRUE,0.5,FALSE,FALSE,"Internista, internista",TRUE,FALSE,FALSE,TRUE,TRUE,TRUE,FALSE
inyectologo,5,3990,1,5,0,1,0,1,0,1,TRUE,keep,Título ocupacional explícito: aparece como denominación independiente y/o como núcleo inicial del cargo.,0.91,Inyectólogo,Trabajadores de los servicios y vendedores de comercios y mercados,high,1,1,1,TRUE,1,FALSE,FALSE,Inyectólogo,TRUE,FALSE,FALSE,TRUE,TRUE,TRUE,FALSE
jardinero,6,4125,1,6,1,1,1,1,1,3,TRUE,keep,Título ocupacional explícito: aparece como denominación independiente y/o como núcleo inicial del cargo.,0.95,Jardinero | Jardinero campos atléticos | Jardinero campos de golf,"Agricultores y trabajadores calificados agropecuarios, forestales y pesqueros",high,10,2,2,TRUE,1,FALSE,FALSE,Jardinero,TRUE,FALSE,FALSE,TRUE,TRUE,TRUE,FALSE
jinete,3,3439,1,3,0,0,1,1,1,3,TRUE,review,"Aparece al inicio de una denominación, pero la evidencia es escasa o la forma léxica no es inequívocamente ocupacional.",0.64,Jinete de carrera de caballos,Técnicos y profesionales de nivel medio,low,1,1,1,FALSE,1,FALSE,FALSE,Jinete,FALSE,FALSE,TRUE,TRUE,FALSE,FALSE,FALSE
jinglero,2,2375,1,2,0,1,1,1,1,3,TRUE,keep,Título ocupacional explícito: aparece como denominación independiente y/o como núcleo inicial del cargo.,0.91,Jinglero,"Profesionales, científicos e intelectuales",high,1,1,1,TRUE,1,FALSE,FALSE,Jinglero,TRUE,FALSE,FALSE,TRUE,TRUE,TRUE,FALSE
jornalero,9,5864,1,9,0,1,1,1,1,3,TRUE,keep,Núcleo de cargo: encabeza denominaciones CUOC del nivel y tiene forma de título ocupacional.,0.88,Jornalero agrícola,Ocupaciones elementales,high,1,1,1,FALSE,1,FALSE,FALSE,Jornalero,TRUE,FALSE,FALSE,TRUE,TRUE,TRUE,FALSE
joyero,7,4874,1,7,1,1,1,1,1,3,TRUE,keep,Título ocupacional explícito: aparece como denominación independiente y/o como núcleo inicial del cargo.,0.95,Joyero | Joyero de reparación | Joyero engastador,"Oficiales, operarios, artesanos y trabajadores de ocupaciones afines",high,4,1,1,TRUE,1,FALSE,FALSE,Joyero,TRUE,FALSE,FALSE,TRUE,TRUE,TRUE,FALSE
jurista,2,2001,1,2,0,0,1,1,1,3,TRUE,keep,Título ocupacional explícito: aparece como denominación independiente y/o como núcleo inicial del cargo.,0.95,Jurista | Jurista abogado | Juez jurista,"Profesionales, científicos e intelectuales",high,4,3,3,TRUE,0.75,FALSE,FALSE,"Jurista, jurista",TRUE,FALSE,FALSE,TRUE,TRUE,TRUE,FALSE
kinesiologo,2,1547,1,2,0,1,1,1,1,3,TRUE,keep,Título ocupacional explícito: aparece como denominación independiente y/o como núcleo inicial del cargo.,0.95,Kinesiólogo | Kinesiólogo masajista | Kinesiólogo respiratorio,"Profesionales, científicos e intelectuales",high,3,2,2,TRUE,1,FALSE,FALSE,Kinesiólogo,TRUE,FALSE,FALSE,TRUE,TRUE,TRUE,FALSE
kinesioterapeuta,2,1549,1,2,0,1,1,1,1,3,TRUE,keep,Título ocupacional explícito: aparece como denominación independiente y/o como núcleo inicial del cargo.,0.91,Kinesioterapeuta,"Profesionales, científicos e intelectuales",high,1,1,1,TRUE,1,FALSE,FALSE,Kinesioterapeuta,TRUE,FALSE,FALSE,TRUE,TRUE,TRUE,FALSE
labranza,9,5867,1,9,0,1,0,1,0,1,TRUE,review,Aparece en un contexto CUOC limitado y no como núcleo del cargo; falta evidencia para mantenerlo o descartarlo automáticamente.,0.55,Obrero de labranza | Trabajador de labranza,Ocupaciones elementales,low,2,1,1,FALSE,0,FALSE,FALSE,labranza,FALSE,FALSE,TRUE,TRUE,FALSE,FALSE,FALSE
lampistero,9,5897,1,9,0,1,0,1,0,1,TRUE,keep,Título ocupacional explícito: aparece como denominación independiente y/o como núcleo inicial del cargo.,0.91,Lampistero,Ocupaciones elementales,high,1,1,1,TRUE,1,FALSE,FALSE,Lampistero,TRUE,FALSE,FALSE,TRUE,TRUE,TRUE,FALSE
lanchero,8,5828,1,8,1,1,1,1,1,3,TRUE,keep,Título ocupacional explícito: aparece como denominación independiente y/o como núcleo inicial del cargo.,0.91,Lanchero,Operadores de instalaciones y máquinas y ensambladores,high,1,1,1,TRUE,1,FALSE,FALSE,Lanchero,TRUE,FALSE,FALSE,TRUE,TRUE,TRUE,FALSE
laringologo,2,1426,1,2,1,1,1,1,1,3,TRUE,keep,Título ocupacional explícito: aparece como denominación independiente y/o como núcleo inicial del cargo.,0.91,Laringólogo,"Profesionales, científicos e intelectuales",high,1,1,1,TRUE,1,FALSE,FALSE,Laringólogo,TRUE,FALSE,FALSE,TRUE,TRUE,TRUE,FALSE
latonero,7,4425,1,7,0,0,1,1,1,3,TRUE,keep,Título ocupacional explícito: aparece como denominación independiente y/o como núcleo inicial del cargo.,0.95,Latonero pintor de vehículos | Pintor latonero | Pintor latonero de vehículos,"Oficiales, operarios, artesanos y trabajadores de ocupaciones afines",high,5,2,2,TRUE,0.6,FALSE,FALSE,"Latonero, latonero",TRUE,FALSE,FALSE,TRUE,TRUE,TRUE,FALSE
lavandero,9,5846,1,9,1,1,1,1,1,3,TRUE,keep,Título ocupacional explícito: aparece como denominación independiente y/o como núcleo inicial del cargo.,0.95,Lavandero | Lavandero a mano | Lavandero a mano lavandería,Ocupaciones elementales,high,3,1,1,TRUE,1,FALSE,FALSE,Lavandero,TRUE,FALSE,FALSE,TRUE,TRUE,TRUE,FALSE
lavaplatos,9,5979,1,9,1,1,0,1,1,2,TRUE,keep,Título ocupacional explícito: aparece como denominación independiente y/o como núcleo inicial del cargo.,0.91,Lavaplatos,Ocupaciones elementales,high,1,1,1,TRUE,1,FALSE,FALSE,Lavaplatos,TRUE,FALSE,FALSE,TRUE,TRUE,TRUE,FALSE
lechero,6,4143,1,6,1,1,1,1,1,3,TRUE,review,"Término técnico o sectorial repetido, pero funciona como especialidad, objeto, proceso o contexto y puede cruzar niveles.",0.68,Criador de ganado lechero | Trabajador de cría de ganado lechero | Trabajador pecuario cría ganado lechero,"Agricultores y trabajadores calificados agropecuarios, forestales y pesqueros",medium,4,1,2,FALSE,0,FALSE,FALSE,lechero,FALSE,FALSE,TRUE,TRUE,FALSE,FALSE,FALSE
lecturista,5,3872,1,5,0,0,1,1,1,3,TRUE,keep,Núcleo de cargo: encabeza denominaciones CUOC del nivel y tiene forma de título ocupacional.,0.88,Lecturista de tarot,Trabajadores de los servicios y vendedores de comercios y mercados,high,1,1,1,FALSE,1,FALSE,FALSE,Lecturista,TRUE,FALSE,FALSE,TRUE,TRUE,TRUE,FALSE
lencera,7,5119,1,7,0,1,0,1,0,1,TRUE,keep,Título ocupacional explícito: aparece como denominación independiente y/o como núcleo inicial del cargo.,0.95,Lencera | Lencera costurera,"Oficiales, operarios, artesanos y trabajadores de ocupaciones afines",high,2,1,1,TRUE,1,FALSE,FALSE,Lencera,TRUE,FALSE,FALSE,TRUE,TRUE,TRUE,FALSE
lepidopterologo,2,930,1,2,1,1,1,1,1,3,TRUE,keep,Título ocupacional explícito: aparece como denominación independiente y/o como núcleo inicial del cargo.,0.91,Lepidopterólogo,"Profesionales, científicos e intelectuales",high,1,1,1,TRUE,1,FALSE,FALSE,Lepidopterólogo,TRUE,FALSE,FALSE,TRUE,TRUE,TRUE,FALSE
lexicografo,2,2266,1,2,0,1,1,1,1,3,TRUE,keep,Título ocupacional explícito: aparece como denominación independiente y/o como núcleo inicial del cargo.,0.91,Lexicógrafo,"Profesionales, científicos e intelectuales",high,1,1,1,TRUE,1,FALSE,FALSE,Lexicógrafo,TRUE,FALSE,FALSE,TRUE,TRUE,TRUE,FALSE
libretista,2,2211,1,2,0,1,0,1,0,1,TRUE,keep,Título ocupacional explícito: aparece como denominación independiente y/o como núcleo inicial del cargo.,0.95,Libretista | Libretista asistente de guion | Libretista central,"Profesionales, científicos e intelectuales",high,3,1,1,TRUE,1,FALSE,FALSE,Libretista,TRUE,FALSE,FALSE,TRUE,TRUE,TRUE,FALSE
licenciado,2,2002,1,2,0,0,1,0,1,2,TRUE,review,"Aparece al inicio de una denominación, pero la evidencia es escasa o la forma léxica no es inequívocamente ocupacional.",0.64,Licenciado en derecho,"Profesionales, científicos e intelectuales",low,1,1,1,FALSE,1,FALSE,FALSE,Licenciado,FALSE,FALSE,TRUE,TRUE,FALSE,FALSE,FALSE
lijador,9,5933,1,9,0,1,1,1,1,3,TRUE,keep,Núcleo de cargo: encabeza denominaciones CUOC del nivel y tiene forma de título ocupacional.,0.93,Lijador a mano | Lijador manual de metales y minerales,Ocupaciones elementales,high,2,1,1,FALSE,1,FALSE,FALSE,Lijador,TRUE,FALSE,FALSE,TRUE,TRUE,TRUE,FALSE
limnologo,2,1008,1,2,0,1,1,1,1,3,TRUE,keep,Título ocupacional explícito: aparece como denominación independiente y/o como núcleo inicial del cargo.,0.91,Limnólogo,"Profesionales, científicos e intelectuales",high,1,1,1,TRUE,1,FALSE,FALSE,Limnólogo,TRUE,FALSE,FALSE,TRUE,TRUE,TRUE,FALSE
limpiabotas,9,5983,1,9,1,1,1,1,1,3,TRUE,keep,Título ocupacional explícito: aparece como denominación independiente y/o como núcleo inicial del cargo.,0.91,Limpiabotas,Ocupaciones elementales,high,1,1,1,TRUE,1,FALSE,FALSE,Limpiabotas,TRUE,FALSE,FALSE,TRUE,TRUE,TRUE,FALSE
linguista,2,2267,1,2,0,1,1,1,1,3,TRUE,keep,Título ocupacional explícito: aparece como denominación independiente y/o como núcleo inicial del cargo.,0.91,Lingüista,"Profesionales, científicos e intelectuales",high,1,1,1,TRUE,1,FALSE,FALSE,Lingüista,TRUE,FALSE,FALSE,TRUE,TRUE,TRUE,FALSE
literato,2,2212,1,2,0,1,0,1,0,1,TRUE,keep,Título ocupacional explícito: aparece como denominación independiente y/o como núcleo inicial del cargo.,0.91,Literato,"Profesionales, científicos e intelectuales",high,1,1,1,TRUE,1,FALSE,FALSE,Literato,TRUE,FALSE,FALSE,TRUE,TRUE,TRUE,FALSE
litograbador,7,4718,1,7,0,0,1,1,1,3,TRUE,keep,Título ocupacional explícito: aparece como denominación independiente y/o como núcleo inicial del cargo.,0.95,Litograbador punteado de imprenta | Litograbador,"Oficiales, operarios, artesanos y trabajadores de ocupaciones afines",high,2,1,2,TRUE,1,FALSE,FALSE,Litograbador,TRUE,FALSE,FALSE,TRUE,TRUE,TRUE,FALSE
litografo,7,4696,1,7,0,0,1,1,1,3,TRUE,review,"Término técnico o sectorial repetido, pero funciona como especialidad, objeto, proceso o contexto y puede cruzar niveles.",0.68,Litógrafo de cerámica decorativa | Litógrafo de imprenta | Litógrafo de multilith,"Oficiales, operarios, artesanos y trabajadores de ocupaciones afines",medium,4,3,3,FALSE,0.75,FALSE,FALSE,"Litógrafo, litógrafo",FALSE,FALSE,TRUE,TRUE,FALSE,FALSE,FALSE
llantero,9,6023,1,9,0,1,1,1,1,3,TRUE,keep,Núcleo de cargo: encabeza denominaciones CUOC del nivel y tiene forma de título ocupacional.,0.88,Llantero de montallantas,Ocupaciones elementales,high,1,1,1,FALSE,1,FALSE,FALSE,Llantero,TRUE,FALSE,FALSE,TRUE,TRUE,TRUE,FALSE
locutor,2,2491,1,2,0,1,1,1,1,3,TRUE,keep,Título ocupacional explícito: aparece como denominación independiente y/o como núcleo inicial del cargo.,0.95,Anunciador locutor | Locutor | Locutor de noticias,"Profesionales, científicos e intelectuales",high,7,1,1,TRUE,0.857,FALSE,FALSE,"Locutor, locutor",TRUE,FALSE,FALSE,TRUE,TRUE,TRUE,FALSE
logopeda,2,1569,1,2,0,1,0,1,0,1,TRUE,review,"Aparece al inicio de una denominación, pero la evidencia es escasa o la forma léxica no es inequívocamente ocupacional.",0.64,Logopeda o terapeuta del habla,"Profesionales, científicos e intelectuales",low,1,1,1,FALSE,1,FALSE,FALSE,Logopeda,FALSE,FALSE,TRUE,TRUE,FALSE,FALSE,FALSE
lotero,9,5991,1,9,0,1,1,1,1,3,TRUE,keep,Título ocupacional explícito: aparece como denominación independiente y/o como núcleo inicial del cargo.,0.95,Lotero | Lotero ambulante,Ocupaciones elementales,high,2,1,1,TRUE,1,FALSE,FALSE,Lotero,TRUE,FALSE,FALSE,TRUE,TRUE,TRUE,FALSE
lustrabotas,9,5984,1,9,0,1,1,1,1,3,TRUE,keep,Título ocupacional explícito: aparece como denominación independiente y/o como núcleo inicial del cargo.,0.91,Lustrabotas,Ocupaciones elementales,high,1,1,1,TRUE,1,FALSE,FALSE,Lustrabotas,TRUE,FALSE,FALSE,TRUE,TRUE,TRUE,FALSE
lustrador,9,5985,1,9,0,1,1,1,1,3,TRUE,keep,Núcleo de cargo: encabeza denominaciones CUOC del nivel y tiene forma de título ocupacional.,0.88,Lustrador de calzado,Ocupaciones elementales,high,1,1,1,FALSE,1,FALSE,FALSE,Lustrador,TRUE,FALSE,FALSE,TRUE,TRUE,TRUE,FALSE
macerador,8,5627,1,8,0,1,0,1,0,1,TRUE,keep,Núcleo de cargo: encabeza denominaciones CUOC del nivel y tiene forma de título ocupacional.,0.88,Macerador de arcillas,Operadores de instalaciones y máquinas y ensambladores,high,1,1,1,FALSE,1,FALSE,FALSE,Macerador,TRUE,FALSE,FALSE,TRUE,TRUE,TRUE,FALSE
macroeconomista,2,2071,1,2,1,1,1,1,1,3,TRUE,keep,Título ocupacional explícito: aparece como denominación independiente y/o como núcleo inicial del cargo.,0.91,Macroeconomista,"Profesionales, científicos e intelectuales",high,1,1,1,TRUE,1,FALSE,FALSE,Macroeconomista,TRUE,FALSE,FALSE,TRUE,TRUE,TRUE,FALSE
maestros,5,3984,1,5,0,1,0,1,0,1,TRUE,review,"Aparece en el nombre oficial de una ocupación o grupo primario, pero funciona como especialidad o contexto y puede cruzar niveles.",0.74,Auxiliar de maestros,Trabajadores de los servicios y vendedores de comercios y mercados,medium,1,1,1,FALSE,0,TRUE,TRUE,maestros,FALSE,FALSE,TRUE,TRUE,FALSE,FALSE,FALSE
magistrado,2,2011,1,2,0,0,1,1,1,3,TRUE,keep,Título ocupacional explícito: aparece como denominación independiente y/o como núcleo inicial del cargo.,0.91,Magistrado,"Profesionales, científicos e intelectuales",high,1,1,1,TRUE,1,FALSE,FALSE,Magistrado,TRUE,FALSE,FALSE,TRUE,TRUE,TRUE,FALSE
mago,2,2558,1,2,0,1,1,1,1,3,TRUE,review,"Aparece al inicio de una denominación, pero la evidencia es escasa o la forma léxica no es inequívocamente ocupacional.",0.64,Mago,"Profesionales, científicos e intelectuales",low,1,1,1,TRUE,1,FALSE,FALSE,Mago,FALSE,FALSE,TRUE,TRUE,FALSE,FALSE,FALSE
malabarista,2,2559,1,2,0,1,1,1,1,3,TRUE,keep,Título ocupacional explícito: aparece como denominación independiente y/o como núcleo inicial del cargo.,0.91,Malabarista,"Profesionales, científicos e intelectuales",high,1,1,1,TRUE,1,FALSE,FALSE,Malabarista,TRUE,FALSE,FALSE,TRUE,TRUE,TRUE,FALSE
malacatero,9,5899,1,9,0,1,0,1,0,1,TRUE,review,Aparece en un contexto CUOC limitado y no como núcleo del cargo; falta evidencia para mantenerlo o descartarlo automáticamente.,0.55,Minero malacatero,Ocupaciones elementales,low,1,1,1,FALSE,0,FALSE,FALSE,malacatero,FALSE,FALSE,TRUE,TRUE,FALSE,FALSE,FALSE
mamalogista,2,931,1,2,0,1,1,1,1,3,TRUE,keep,Título ocupacional explícito: aparece como denominación independiente y/o como núcleo inicial del cargo.,0.91,Mamalogista,"Profesionales, científicos e intelectuales",high,1,1,1,TRUE,1,FALSE,FALSE,Mamalogista,TRUE,FALSE,FALSE,TRUE,TRUE,TRUE,FALSE
mamposteria,7,4256,1,7,1,0,1,0,1,2,TRUE,review,Aparece en un contexto CUOC limitado y no como núcleo del cargo; falta evidencia para mantenerlo o descartarlo automáticamente.,0.55,Rejuntador de mampostería,"Oficiales, operarios, artesanos y trabajadores de ocupaciones afines",low,1,1,1,FALSE,0,FALSE,FALSE,mampostería,FALSE,FALSE,TRUE,TRUE,FALSE,FALSE,FALSE
mampostero,7,4247,1,7,1,1,0,1,1,2,TRUE,keep,Título ocupacional explícito: aparece como denominación independiente y/o como núcleo inicial del cargo.,0.95,Albañil mampostero | Albañil mampostero en construcción | Mampostero,"Oficiales, operarios, artesanos y trabajadores de ocupaciones afines",high,5,1,1,TRUE,0.6,FALSE,FALSE,"Mampostero, mampostero",TRUE,FALSE,FALSE,TRUE,TRUE,TRUE,FALSE
mandadero,9,6006,1,9,0,1,0,1,0,1,TRUE,keep,Título ocupacional explícito: aparece como denominación independiente y/o como núcleo inicial del cargo.,0.95,Mandadero | Mandadero de tienda,Ocupaciones elementales,high,2,1,1,TRUE,1,FALSE,FALSE,Mandadero,TRUE,FALSE,FALSE,TRUE,TRUE,TRUE,FALSE
mandrilador,7,4540,1,7,0,0,1,1,1,3,TRUE,keep,Núcleo de cargo: encabeza denominaciones CUOC del nivel y tiene forma de título ocupacional.,0.88,Mandrilador de metales,"Oficiales, operarios, artesanos y trabajadores de ocupaciones afines",high,1,1,1,FALSE,1,FALSE,FALSE,Mandrilador,TRUE,FALSE,FALSE,TRUE,TRUE,TRUE,FALSE
manicurista,5,3835,1,5,1,1,1,1,1,3,TRUE,keep,Título ocupacional explícito: aparece como denominación independiente y/o como núcleo inicial del cargo.,0.95,Manicurista | Manicurista de tratamientos cosméticos para manos y pies | Manicurista de uñas artificiales,Trabajadores de los servicios y vendedores de comercios y mercados,high,4,1,1,TRUE,1,FALSE,FALSE,Manicurista,TRUE,FALSE,FALSE,TRUE,TRUE,TRUE,FALSE
manilero,8,5268,1,8,0,1,0,1,0,1,TRUE,keep,Núcleo de cargo: encabeza denominaciones CUOC del nivel y tiene forma de título ocupacional.,0.88,Manilero de perforación de petróleo y gas,Operadores de instalaciones y máquinas y ensambladores,high,1,1,1,FALSE,1,FALSE,FALSE,Manilero,TRUE,FALSE,FALSE,TRUE,TRUE,TRUE,FALSE
marionetista,2,2576,1,2,0,1,1,1,1,3,TRUE,keep,Título ocupacional explícito: aparece como denominación independiente y/o como núcleo inicial del cargo.,0.91,Marionetista,"Profesionales, científicos e intelectuales",high,1,1,1,TRUE,1,FALSE,FALSE,Marionetista,TRUE,FALSE,FALSE,TRUE,TRUE,TRUE,FALSE
marisquero,6,4219,1,6,1,1,1,1,1,3,TRUE,keep,Título ocupacional explícito: aparece como denominación independiente y/o como núcleo inicial del cargo.,0.91,Marisquero,"Agricultores y trabajadores calificados agropecuarios, forestales y pesqueros",high,1,1,1,TRUE,1,FALSE,FALSE,Marisquero,TRUE,FALSE,FALSE,TRUE,TRUE,TRUE,FALSE
marmolista,7,4348,1,7,0,0,1,1,1,3,TRUE,keep,Título ocupacional explícito: aparece como denominación independiente y/o como núcleo inicial del cargo.,0.91,Marmolista,"Oficiales, operarios, artesanos y trabajadores de ocupaciones afines",high,1,1,1,TRUE,1,FALSE,FALSE,Marmolista,TRUE,FALSE,FALSE,TRUE,TRUE,TRUE,FALSE
marquetero,7,4861,1,7,1,1,0,1,1,2,TRUE,keep,Título ocupacional explícito: aparece como denominación independiente y/o como núcleo inicial del cargo.,0.95,Artesano marquetero | Marquetero | Ebanista marquetero,"Oficiales, operarios, artesanos y trabajadores de ocupaciones afines",high,3,2,2,TRUE,0.333,FALSE,FALSE,"Marquetero, marquetero",TRUE,FALSE,FALSE,TRUE,TRUE,TRUE,FALSE
marroquinero,7,4891,1,7,1,1,1,1,1,3,TRUE,keep,Título ocupacional explícito: aparece como denominación independiente y/o como núcleo inicial del cargo.,0.95,Artesano marroquinero | Marroquinero artesanal | Marroquinero,"Oficiales, operarios, artesanos y trabajadores de ocupaciones afines",high,3,2,2,TRUE,0.667,FALSE,FALSE,"Marroquinero, marroquinero",TRUE,FALSE,FALSE,TRUE,TRUE,TRUE,FALSE
masajeador,3,3151,1,3,0,1,1,1,1,3,TRUE,review,Aparece en un contexto CUOC limitado y no como núcleo del cargo; falta evidencia para mantenerlo o descartarlo automáticamente.,0.55,Terapeuta masajeador shiatsu,Técnicos y profesionales de nivel medio,low,1,1,1,FALSE,0,FALSE,FALSE,masajeador,FALSE,FALSE,TRUE,TRUE,FALSE,FALSE,FALSE
mastozoologo,2,932,1,2,0,1,1,1,1,3,TRUE,keep,Título ocupacional explícito: aparece como denominación independiente y/o como núcleo inicial del cargo.,0.91,Mastozoólogo,"Profesionales, científicos e intelectuales",high,1,1,1,TRUE,1,FALSE,FALSE,Mastozoólogo,TRUE,FALSE,FALSE,TRUE,TRUE,TRUE,FALSE
mecanografo,4,3626,1,4,1,0,1,1,1,3,TRUE,keep,Título ocupacional explícito: aparece como denominación independiente y/o como núcleo inicial del cargo.,0.95,Secretario mecanógrafo | Mecanógrafo | Mecanógrafo estadísticas,Personal de apoyo administrativo,high,3,2,2,TRUE,0.667,FALSE,FALSE,"Mecanógrafo, mecanógrafo",TRUE,FALSE,FALSE,TRUE,TRUE,TRUE,FALSE
mecatronico,2,1081,1,2,1,1,1,1,1,3,TRUE,review,Aparece en un contexto CUOC limitado y no como núcleo del cargo; falta evidencia para mantenerlo o descartarlo automáticamente.,0.55,Ingeniero mecatrónico,"Profesionales, científicos e intelectuales",low,1,1,1,FALSE,0,FALSE,FALSE,mecatrónico,FALSE,FALSE,TRUE,TRUE,FALSE,FALSE,FALSE
mentalista,5,3874,1,5,0,0,1,1,0,2,TRUE,keep,Título ocupacional explícito: aparece como denominación independiente y/o como núcleo inicial del cargo.,0.91,Mentalista,Trabajadores de los servicios y vendedores de comercios y mercados,high,1,1,1,TRUE,1,FALSE,FALSE,Mentalista,TRUE,FALSE,FALSE,TRUE,TRUE,TRUE,FALSE
mercaderista,5,3933,1,5,0,0,1,1,1,3,TRUE,keep,Título ocupacional explícito: aparece como denominación independiente y/o como núcleo inicial del cargo.,0.95,Mercaderista | Mercaderista musical,Trabajadores de los servicios y vendedores de comercios y mercados,high,2,1,1,TRUE,1,FALSE,FALSE,Mercaderista,TRUE,FALSE,FALSE,TRUE,TRUE,TRUE,FALSE
mercadologo,2,1913,1,2,1,1,1,1,1,3,TRUE,keep,Título ocupacional explícito: aparece como denominación independiente y/o como núcleo inicial del cargo.,0.91,Mercadólogo,"Profesionales, científicos e intelectuales",high,1,1,1,TRUE,1,FALSE,FALSE,Mercadólogo,TRUE,FALSE,FALSE,TRUE,TRUE,TRUE,FALSE
mercadotecnista,2,1906,1,2,0,0,1,1,1,3,TRUE,keep,Título ocupacional explícito: aparece como denominación independiente y/o como núcleo inicial del cargo.,0.91,Mercadotecnista,"Profesionales, científicos e intelectuales",high,1,1,1,TRUE,1,FALSE,FALSE,Mercadotecnista,TRUE,FALSE,FALSE,TRUE,TRUE,TRUE,FALSE
mesero,5,3813,1,5,1,1,1,1,1,3,TRUE,keep,Título ocupacional explícito: aparece como denominación independiente y/o como núcleo inicial del cargo.,0.95,Camarero - mesero | Mesero | Mesero capitán de meseros,Trabajadores de los servicios y vendedores de comercios y mercados,high,7,1,1,TRUE,0.857,FALSE,FALSE,"Mesero, mesero",TRUE,FALSE,FALSE,TRUE,TRUE,TRUE,FALSE
meseros,5,3814,1,5,1,1,1,1,1,3,TRUE,review,"Aparece en el nombre oficial de una ocupación o grupo primario, pero funciona como especialidad o contexto y puede cruzar niveles.",0.74,Capitán de meseros | Mesero capitán de meseros,Trabajadores de los servicios y vendedores de comercios y mercados,medium,2,1,1,FALSE,0,TRUE,TRUE,meseros,FALSE,FALSE,TRUE,TRUE,FALSE,FALSE,FALSE
metalizador,8,5339,1,8,0,0,1,1,1,3,TRUE,keep,Núcleo de cargo: encabeza denominaciones CUOC del nivel y tiene forma de título ocupacional.,0.93,Metalizador con pistola | Metalizador de baño caliente,Operadores de instalaciones y máquinas y ensambladores,high,2,1,1,FALSE,1,FALSE,FALSE,Metalizador,TRUE,FALSE,FALSE,TRUE,TRUE,TRUE,FALSE
metrologo,3,2595,1,3,0,0,1,1,1,3,TRUE,keep,Título ocupacional explícito: aparece como denominación independiente y/o como núcleo inicial del cargo.,0.91,Metrólogo,Técnicos y profesionales de nivel medio,high,1,1,1,TRUE,1,FALSE,FALSE,Metrólogo,TRUE,FALSE,FALSE,TRUE,TRUE,TRUE,FALSE
mezzosoprano,2,2330,1,2,0,0,1,1,1,3,TRUE,keep,Título ocupacional explícito: aparece como denominación independiente y/o como núcleo inicial del cargo.,0.91,Mezzosoprano,"Profesionales, científicos e intelectuales",high,1,1,1,TRUE,1,FALSE,FALSE,Mezzosoprano,TRUE,FALSE,FALSE,TRUE,TRUE,TRUE,FALSE
micologo,2,933,1,2,1,1,1,1,1,3,TRUE,keep,Título ocupacional explícito: aparece como denominación independiente y/o como núcleo inicial del cargo.,0.91,Micólogo,"Profesionales, científicos e intelectuales",high,1,1,1,TRUE,1,FALSE,FALSE,Micólogo,TRUE,FALSE,FALSE,TRUE,TRUE,TRUE,FALSE
microbiologo,2,934,1,2,1,1,1,1,1,3,TRUE,keep,Título ocupacional explícito: aparece como denominación independiente y/o como núcleo inicial del cargo.,0.91,Microbiólogo,"Profesionales, científicos e intelectuales",high,1,1,1,TRUE,1,FALSE,FALSE,Microbiólogo,TRUE,FALSE,FALSE,TRUE,TRUE,TRUE,FALSE
microfonista,3,3594,1,3,0,0,1,1,1,3,TRUE,keep,Título ocupacional explícito: aparece como denominación independiente y/o como núcleo inicial del cargo.,0.95,Microfonista | Operario microfonista,Técnicos y profesionales de nivel medio,high,2,1,1,TRUE,0.5,FALSE,FALSE,"Microfonista, microfonista",TRUE,FALSE,FALSE,TRUE,TRUE,TRUE,FALSE
micropaleontologo,2,834,1,2,1,1,1,1,1,3,TRUE,keep,Título ocupacional explícito: aparece como denominación independiente y/o como núcleo inicial del cargo.,0.91,Micropaleontólogo,"Profesionales, científicos e intelectuales",high,1,1,1,TRUE,1,FALSE,FALSE,Micropaleontólogo,TRUE,FALSE,FALSE,TRUE,TRUE,TRUE,FALSE
mimo,2,2484,1,2,0,0,1,1,1,3,TRUE,keep,Núcleo de cargo: encabeza denominaciones CUOC del nivel y tiene forma de título ocupacional.,0.93,Mimo | Mimo artístico | Mimo de teatro,"Profesionales, científicos e intelectuales",high,3,1,1,TRUE,1,FALSE,FALSE,Mimo,TRUE,FALSE,FALSE,TRUE,TRUE,TRUE,FALSE
mimoclown,2,2473,1,2,0,1,0,1,0,1,TRUE,review,Aparece en un contexto CUOC limitado y no como núcleo del cargo; falta evidencia para mantenerlo o descartarlo automáticamente.,0.55,Actor mimoclown,"Profesionales, científicos e intelectuales",low,1,1,1,FALSE,0,FALSE,FALSE,mimoclown,FALSE,FALSE,TRUE,TRUE,FALSE,FALSE,FALSE
mineralogista,2,835,1,2,0,1,1,1,1,3,TRUE,keep,Título ocupacional explícito: aparece como denominación independiente y/o como núcleo inicial del cargo.,0.91,Mineralogista,"Profesionales, científicos e intelectuales",high,1,1,1,TRUE,1,FALSE,FALSE,Mineralogista,TRUE,FALSE,FALSE,TRUE,TRUE,TRUE,FALSE
modisto,7,5122,1,7,0,1,1,1,1,3,TRUE,keep,Título ocupacional explícito: aparece como denominación independiente y/o como núcleo inicial del cargo.,0.91,Modisto,"Oficiales, operarios, artesanos y trabajadores de ocupaciones afines",high,1,1,1,TRUE,1,FALSE,FALSE,Modisto,TRUE,FALSE,FALSE,TRUE,TRUE,TRUE,FALSE
moledor,7,5039,1,7,1,1,1,1,1,3,TRUE,keep,Núcleo de cargo: encabeza denominaciones CUOC del nivel y tiene forma de título ocupacional.,0.88,Moledor de panela,"Oficiales, operarios, artesanos y trabajadores de ocupaciones afines",high,1,1,1,FALSE,1,FALSE,FALSE,Moledor,TRUE,FALSE,FALSE,TRUE,TRUE,TRUE,FALSE
molendero,7,5040,1,7,1,1,0,1,1,2,TRUE,keep,Núcleo de cargo: encabeza denominaciones CUOC del nivel y tiene forma de título ocupacional.,0.88,Molendero de panela,"Oficiales, operarios, artesanos y trabajadores de ocupaciones afines",high,1,1,1,FALSE,1,FALSE,FALSE,Molendero,TRUE,FALSE,FALSE,TRUE,TRUE,TRUE,FALSE
moliendero,7,5041,1,7,1,1,1,1,1,3,TRUE,keep,Núcleo de cargo: encabeza denominaciones CUOC del nivel y tiene forma de título ocupacional.,0.88,Moliendero de panela,"Oficiales, operarios, artesanos y trabajadores de ocupaciones afines",high,1,1,1,FALSE,1,FALSE,FALSE,Moliendero,TRUE,FALSE,FALSE,TRUE,TRUE,TRUE,FALSE
montallantas,9,6024,1,9,1,1,0,1,1,2,TRUE,review,Aparece en un contexto CUOC limitado y no como núcleo del cargo; falta evidencia para mantenerlo o descartarlo automáticamente.,0.55,Llantero de montallantas,Ocupaciones elementales,low,1,1,1,FALSE,0,FALSE,FALSE,montallantas,FALSE,FALSE,TRUE,TRUE,FALSE,FALSE,FALSE
montallantero,9,6025,1,9,1,1,1,1,1,3,TRUE,keep,Título ocupacional explícito: aparece como denominación independiente y/o como núcleo inicial del cargo.,0.91,Montallantero,Ocupaciones elementales,high,1,1,1,TRUE,1,FALSE,FALSE,Montallantero,TRUE,FALSE,FALSE,TRUE,TRUE,TRUE,FALSE
morfologista,2,2268,1,2,0,0,1,1,1,3,TRUE,keep,Título ocupacional explícito: aparece como denominación independiente y/o como núcleo inicial del cargo.,0.91,Morfologista,"Profesionales, científicos e intelectuales",high,1,1,1,TRUE,1,FALSE,FALSE,Morfologista,TRUE,FALSE,FALSE,TRUE,TRUE,TRUE,FALSE
mucama,9,5843,1,9,1,1,1,1,1,3,TRUE,keep,Núcleo de cargo: encabeza denominaciones CUOC del nivel y tiene forma de título ocupacional.,0.93,Mucama de barco | Mucama de habitaciones | Mucama de hotel,Ocupaciones elementales,high,3,1,1,FALSE,1,FALSE,FALSE,Mucama,TRUE,FALSE,FALSE,TRUE,TRUE,TRUE,FALSE
mucamo,9,5836,1,9,1,1,1,1,1,3,TRUE,review,"Aparece al inicio de una denominación, pero la evidencia es escasa o la forma léxica no es inequívocamente ocupacional.",0.64,Mucamo doméstico,Ocupaciones elementales,low,1,1,1,FALSE,1,FALSE,FALSE,Mucamo,FALSE,FALSE,TRUE,TRUE,FALSE,FALSE,FALSE
mulero,8,5752,1,8,1,1,1,1,1,3,TRUE,keep,Título ocupacional explícito: aparece como denominación independiente y/o como núcleo inicial del cargo.,0.91,Mulero,Operadores de instalaciones y máquinas y ensambladores,high,1,1,1,TRUE,1,FALSE,FALSE,Mulero,TRUE,FALSE,FALSE,TRUE,TRUE,TRUE,FALSE
muralista,2,2287,1,2,0,1,1,1,1,3,TRUE,keep,Título ocupacional explícito: aparece como denominación independiente y/o como núcleo inicial del cargo.,0.91,Muralista,"Profesionales, científicos e intelectuales",high,1,1,1,TRUE,1,FALSE,FALSE,Muralista,TRUE,FALSE,FALSE,TRUE,TRUE,TRUE,FALSE
museografo,2,2041,1,2,0,0,1,1,1,3,TRUE,keep,Título ocupacional explícito: aparece como denominación independiente y/o como núcleo inicial del cargo.,0.91,Museógrafo,"Profesionales, científicos e intelectuales",high,1,1,1,TRUE,1,FALSE,FALSE,Museógrafo,TRUE,FALSE,FALSE,TRUE,TRUE,TRUE,FALSE
museologo,2,2042,1,2,0,1,1,1,1,3,TRUE,keep,Título ocupacional explícito: aparece como denominación independiente y/o como núcleo inicial del cargo.,0.91,Museólogo,"Profesionales, científicos e intelectuales",high,1,1,1,TRUE,1,FALSE,FALSE,Museólogo,TRUE,FALSE,FALSE,TRUE,TRUE,TRUE,FALSE
musicologo,2,2353,1,2,0,1,1,1,1,3,TRUE,keep,Título ocupacional explícito: aparece como denominación independiente y/o como núcleo inicial del cargo.,0.91,Musicólogo,"Profesionales, científicos e intelectuales",high,1,1,1,TRUE,1,FALSE,FALSE,Musicólogo,TRUE,FALSE,FALSE,TRUE,TRUE,TRUE,FALSE
musicoterapeuta,2,1580,1,2,0,0,1,1,1,3,TRUE,keep,Título ocupacional explícito: aparece como denominación independiente y/o como núcleo inicial del cargo.,0.91,Musicoterapeuta,"Profesionales, científicos e intelectuales",high,1,1,1,TRUE,1,FALSE,FALSE,Musicoterapeuta,TRUE,FALSE,FALSE,TRUE,TRUE,TRUE,FALSE
nana,5,3979,1,5,1,0,1,1,1,3,TRUE,keep,Título ocupacional explícito: aparece como denominación independiente y/o como núcleo inicial del cargo.,0.91,Nana,Trabajadores de los servicios y vendedores de comercios y mercados,high,1,1,1,TRUE,1,FALSE,FALSE,Nana,TRUE,FALSE,FALSE,TRUE,TRUE,TRUE,FALSE
narrador,2,2485,1,2,0,1,1,1,1,3,TRUE,review,"Término técnico o sectorial repetido, pero funciona como especialidad, objeto, proceso o contexto y puede cruzar niveles.",0.68,Narrador oral | Locutor narrador,"Profesionales, científicos e intelectuales",medium,2,2,2,FALSE,0.5,FALSE,FALSE,"Narrador, narrador",FALSE,FALSE,TRUE,TRUE,FALSE,FALSE,FALSE
naturopata,2,1483,1,2,0,0,1,1,1,3,TRUE,keep,Título ocupacional explícito: aparece como denominación independiente y/o como núcleo inicial del cargo.,0.95,Médico naturópata | Naturópata,"Profesionales, científicos e intelectuales",high,2,1,1,TRUE,0.5,FALSE,FALSE,"Naturópata, naturópata",TRUE,FALSE,FALSE,TRUE,TRUE,TRUE,FALSE
nefrologo,2,1435,1,2,1,1,1,1,1,3,TRUE,keep,Título ocupacional explícito: aparece como denominación independiente y/o como núcleo inicial del cargo.,0.91,Nefrólogo,"Profesionales, científicos e intelectuales",high,1,1,1,TRUE,1,FALSE,FALSE,Nefrólogo,TRUE,FALSE,FALSE,TRUE,TRUE,TRUE,FALSE
negociante,5,3962,1,5,0,1,1,1,1,3,TRUE,keep,Núcleo de cargo: encabeza denominaciones CUOC del nivel y tiene forma de título ocupacional.,0.93,Negociante a través de internet | Negociante de telemercadeo | Negociante de televentas,Trabajadores de los servicios y vendedores de comercios y mercados,high,3,1,1,FALSE,1,FALSE,FALSE,Negociante,TRUE,FALSE,FALSE,TRUE,TRUE,TRUE,FALSE
neonatologo,2,1436,1,2,1,1,1,1,1,3,TRUE,keep,Título ocupacional explícito: aparece como denominación independiente y/o como núcleo inicial del cargo.,0.91,Neonatólogo,"Profesionales, científicos e intelectuales",high,1,1,1,TRUE,1,FALSE,FALSE,Neonatólogo,TRUE,FALSE,FALSE,TRUE,TRUE,TRUE,FALSE
neumologo,2,1437,1,2,1,1,1,1,1,3,TRUE,keep,Título ocupacional explícito: aparece como denominación independiente y/o como núcleo inicial del cargo.,0.91,Neumólogo,"Profesionales, científicos e intelectuales",high,1,1,1,TRUE,1,FALSE,FALSE,Neumólogo,TRUE,FALSE,FALSE,TRUE,TRUE,TRUE,FALSE
neurocirujano,2,1438,1,2,1,1,1,1,1,3,TRUE,keep,Título ocupacional explícito: aparece como denominación independiente y/o como núcleo inicial del cargo.,0.91,Neurocirujano,"Profesionales, científicos e intelectuales",high,1,1,1,TRUE,1,FALSE,FALSE,Neurocirujano,TRUE,FALSE,FALSE,TRUE,TRUE,TRUE,FALSE
neurofisiologo,2,1439,1,2,1,1,1,1,1,3,TRUE,keep,Núcleo de cargo: encabeza denominaciones CUOC del nivel y tiene forma de título ocupacional.,0.88,Neurofisiólogo clínico,"Profesionales, científicos e intelectuales",high,1,1,1,FALSE,1,FALSE,FALSE,Neurofisiólogo,TRUE,FALSE,FALSE,TRUE,TRUE,TRUE,FALSE
neurologo,2,1440,1,2,1,1,1,1,1,3,TRUE,keep,Título ocupacional explícito: aparece como denominación independiente y/o como núcleo inicial del cargo.,0.91,Neurólogo,"Profesionales, científicos e intelectuales",high,1,1,1,TRUE,1,FALSE,FALSE,Neurólogo,TRUE,FALSE,FALSE,TRUE,TRUE,TRUE,FALSE
neuropatologo,2,1441,1,2,1,1,1,1,1,3,TRUE,keep,Título ocupacional explícito: aparece como denominación independiente y/o como núcleo inicial del cargo.,0.95,Neuropatólogo | Patólogo neuropatólogo,"Profesionales, científicos e intelectuales",high,2,1,1,TRUE,0.5,FALSE,FALSE,"Neuropatólogo, neuropatólogo",TRUE,FALSE,FALSE,TRUE,TRUE,TRUE,FALSE
neuropsicologo,2,2087,1,2,0,1,1,1,1,3,TRUE,keep,Título ocupacional explícito: aparece como denominación independiente y/o como núcleo inicial del cargo.,0.91,Neuropsicólogo,"Profesionales, científicos e intelectuales",high,1,1,1,TRUE,1,FALSE,FALSE,Neuropsicólogo,TRUE,FALSE,FALSE,TRUE,TRUE,TRUE,FALSE
ninera,5,3980,1,5,1,0,1,1,1,3,TRUE,keep,Título ocupacional explícito: aparece como denominación independiente y/o como núcleo inicial del cargo.,0.95,Niñera | Niñera por horas,Trabajadores de los servicios y vendedores de comercios y mercados,high,2,1,1,TRUE,1,FALSE,FALSE,Niñera,TRUE,FALSE,FALSE,TRUE,TRUE,TRUE,FALSE
niquelador,8,5340,1,8,0,0,1,1,1,3,TRUE,keep,Título ocupacional explícito: aparece como denominación independiente y/o como núcleo inicial del cargo.,0.91,Niquelador,Operadores de instalaciones y máquinas y ensambladores,high,1,1,1,TRUE,1,FALSE,FALSE,Niquelador,TRUE,FALSE,FALSE,TRUE,TRUE,TRUE,FALSE
notario,2,2020,1,2,0,1,1,1,1,3,TRUE,keep,Título ocupacional explícito: aparece como denominación independiente y/o como núcleo inicial del cargo.,0.91,Notario,"Profesionales, científicos e intelectuales",high,1,1,1,TRUE,1,FALSE,FALSE,Notario,TRUE,FALSE,FALSE,TRUE,TRUE,TRUE,FALSE
novelista,2,2213,1,2,0,1,1,1,1,3,TRUE,keep,Título ocupacional explícito: aparece como denominación independiente y/o como núcleo inicial del cargo.,0.91,Novelista,"Profesionales, científicos e intelectuales",high,1,1,1,TRUE,1,FALSE,FALSE,Novelista,TRUE,FALSE,FALSE,TRUE,TRUE,TRUE,FALSE
numerologo,5,3875,1,5,0,0,1,1,1,3,TRUE,keep,Título ocupacional explícito: aparece como denominación independiente y/o como núcleo inicial del cargo.,0.91,Numerólogo,Trabajadores de los servicios y vendedores de comercios y mercados,high,1,1,1,TRUE,1,FALSE,FALSE,Numerólogo,TRUE,FALSE,FALSE,TRUE,TRUE,TRUE,FALSE
nutricionista,2,1555,1,2,1,1,1,1,1,3,TRUE,keep,Título ocupacional explícito: aparece como denominación independiente y/o como núcleo inicial del cargo.,0.95,Dietista nutricionista | Nutricionista | Nutricionista de actividades deportivas,"Profesionales, científicos e intelectuales",high,6,1,1,TRUE,0.833,FALSE,FALSE,"Nutricionista, nutricionista",TRUE,FALSE,FALSE,TRUE,TRUE,TRUE,FALSE
obispo,2,2161,1,2,0,0,1,1,1,3,TRUE,keep,Título ocupacional explícito: aparece como denominación independiente y/o como núcleo inicial del cargo.,0.91,Obispo,"Profesionales, científicos e intelectuales",high,1,1,1,TRUE,1,FALSE,FALSE,Obispo,TRUE,FALSE,FALSE,TRUE,TRUE,TRUE,FALSE
oboista,2,2334,1,2,0,1,1,1,1,3,TRUE,keep,Título ocupacional explícito: aparece como denominación independiente y/o como núcleo inicial del cargo.,0.91,Oboísta,"Profesionales, científicos e intelectuales",high,1,1,1,TRUE,1,FALSE,FALSE,Oboísta,TRUE,FALSE,FALSE,TRUE,TRUE,TRUE,FALSE
obrero,9,5865,1,9,1,1,1,1,1,3,TRUE,keep,Núcleo de cargo: encabeza denominaciones CUOC del nivel y tiene forma de título ocupacional.,0.93,Obrero agrícola | Obrero de acopio y cosecha | Obrero de apertura de mazorca,Ocupaciones elementales,high,89,13,21,FALSE,0.989,FALSE,FALSE,"Obrero, obrero",TRUE,FALSE,FALSE,TRUE,TRUE,TRUE,FALSE
obstetra,2,1442,1,2,1,1,1,1,1,3,TRUE,keep,Título ocupacional explícito: aparece como denominación independiente y/o como núcleo inicial del cargo.,0.91,Obstetra,"Profesionales, científicos e intelectuales",high,1,1,1,TRUE,1,FALSE,FALSE,Obstetra,TRUE,FALSE,FALSE,TRUE,TRUE,TRUE,FALSE
oceanografo,2,859,1,2,1,1,1,1,1,3,TRUE,keep,Título ocupacional explícito: aparece como denominación independiente y/o como núcleo inicial del cargo.,0.95,Oceanógrafo | Oceanógrafo de geofísica | Oceanógrafo de geología,"Profesionales, científicos e intelectuales",high,6,1,1,TRUE,1,FALSE,FALSE,Oceanógrafo,TRUE,FALSE,FALSE,TRUE,TRUE,TRUE,FALSE
oceanologo,2,858,1,2,1,1,1,1,1,3,TRUE,keep,Título ocupacional explícito: aparece como denominación independiente y/o como núcleo inicial del cargo.,0.95,Ingeniero oceanólogo | Oceanólogo,"Profesionales, científicos e intelectuales",high,2,1,1,TRUE,0.5,FALSE,FALSE,"Oceanólogo, oceanólogo",TRUE,FALSE,FALSE,TRUE,TRUE,TRUE,FALSE
oculista,2,1571,1,2,1,1,1,1,1,3,TRUE,keep,Título ocupacional explícito: aparece como denominación independiente y/o como núcleo inicial del cargo.,0.91,Oculista,"Profesionales, científicos e intelectuales",high,1,1,1,TRUE,1,FALSE,FALSE,Oculista,TRUE,FALSE,FALSE,TRUE,TRUE,TRUE,FALSE
odontologo,2,1521,1,2,1,1,1,1,1,3,TRUE,keep,Título ocupacional explícito: aparece como denominación independiente y/o como núcleo inicial del cargo.,0.95,Odontólogo | Odontólogo de pediatría | Odontólogo de salud pública,"Profesionales, científicos e intelectuales",high,6,1,1,TRUE,1,FALSE,FALSE,Odontólogo,TRUE,FALSE,FALSE,TRUE,TRUE,TRUE,FALSE
oficinista,4,3623,1,4,1,0,1,1,1,3,TRUE,keep,Título ocupacional explícito: aparece como denominación independiente y/o como núcleo inicial del cargo.,0.95,Oficinista | Oficinista general | Oficinista de clasificación y archivo,Personal de apoyo administrativo,high,4,2,2,TRUE,1,FALSE,FALSE,Oficinista,TRUE,FALSE,FALSE,TRUE,TRUE,TRUE,FALSE
oftalmologo,2,1443,1,2,1,1,1,1,1,3,TRUE,keep,Título ocupacional explícito: aparece como denominación independiente y/o como núcleo inicial del cargo.,0.91,Oftalmólogo,"Profesionales, científicos e intelectuales",high,1,1,1,TRUE,1,FALSE,FALSE,Oftalmólogo,TRUE,FALSE,FALSE,TRUE,TRUE,TRUE,FALSE
oncologo,2,1444,1,2,1,1,1,1,1,3,TRUE,keep,Título ocupacional explícito: aparece como denominación independiente y/o como núcleo inicial del cargo.,0.95,Oncólogo | Oncólogo radiólogo | Oncólogo radioterapeuta,"Profesionales, científicos e intelectuales",high,3,1,1,TRUE,1,FALSE,FALSE,Oncólogo,TRUE,FALSE,FALSE,TRUE,TRUE,TRUE,FALSE
operarios,3,2737,1,3,0,1,1,1,1,3,TRUE,review,"Aparece en el nombre oficial de una ocupación o grupo primario, pero funciona como especialidad o contexto y puede cruzar niveles.",0.74,Supervisor de operarios de planta de beneficio animal,Técnicos y profesionales de nivel medio,medium,1,1,1,FALSE,0,TRUE,FALSE,operarios,FALSE,FALSE,TRUE,TRUE,FALSE,FALSE,FALSE
optometra,2,1572,1,2,1,1,1,1,1,3,TRUE,keep,Título ocupacional explícito: aparece como denominación independiente y/o como núcleo inicial del cargo.,0.95,Optómetra | Optómetra ortóptica | Optómetra ortoptista,"Profesionales, científicos e intelectuales",high,8,1,1,TRUE,1,FALSE,FALSE,Optómetra,TRUE,FALSE,FALSE,TRUE,TRUE,TRUE,FALSE
optometrista,2,1575,1,2,1,1,1,1,1,3,TRUE,keep,Título ocupacional explícito: aparece como denominación independiente y/o como núcleo inicial del cargo.,0.91,Optometrista,"Profesionales, científicos e intelectuales",high,1,1,1,TRUE,1,FALSE,FALSE,Optometrista,TRUE,FALSE,FALSE,TRUE,TRUE,TRUE,FALSE
oreador,7,5083,1,7,0,0,1,0,1,2,TRUE,keep,Núcleo de cargo: encabeza denominaciones CUOC del nivel y tiene forma de título ocupacional.,0.88,Oreador de tabaco,"Oficiales, operarios, artesanos y trabajadores de ocupaciones afines",high,1,1,1,FALSE,1,FALSE,FALSE,Oreador,TRUE,FALSE,FALSE,TRUE,TRUE,TRUE,FALSE
organista,2,2315,1,2,0,0,1,1,1,3,TRUE,keep,Título ocupacional explícito: aparece como denominación independiente y/o como núcleo inicial del cargo.,0.95,Cantante organista | Organista,"Profesionales, científicos e intelectuales",high,2,1,1,TRUE,0.5,FALSE,FALSE,"Organista, organista",TRUE,FALSE,FALSE,TRUE,TRUE,TRUE,FALSE
ornamentador,7,4509,1,7,1,0,1,1,1,3,TRUE,keep,Título ocupacional explícito: aparece como denominación independiente y/o como núcleo inicial del cargo.,0.95,Ornamentador | Ornamentador armador | Ornamentador de hierro,"Oficiales, operarios, artesanos y trabajadores de ocupaciones afines",high,3,1,1,TRUE,1,FALSE,FALSE,Ornamentador,TRUE,FALSE,FALSE,TRUE,TRUE,TRUE,FALSE
ornitologo,2,935,1,2,0,1,1,1,1,3,TRUE,keep,Título ocupacional explícito: aparece como denominación independiente y/o como núcleo inicial del cargo.,0.91,Ornitólogo,"Profesionales, científicos e intelectuales",high,1,1,1,TRUE,1,FALSE,FALSE,Ornitólogo,TRUE,FALSE,FALSE,TRUE,TRUE,TRUE,FALSE
ortodoncista,2,1523,1,2,1,1,1,1,1,3,TRUE,keep,Título ocupacional explícito: aparece como denominación independiente y/o como núcleo inicial del cargo.,0.91,Ortodoncista,"Profesionales, científicos e intelectuales",high,1,1,1,TRUE,1,FALSE,FALSE,Ortodoncista,TRUE,FALSE,FALSE,TRUE,TRUE,TRUE,FALSE
ortofonista,2,1570,1,2,0,1,1,1,1,3,TRUE,keep,Núcleo de cargo: encabeza denominaciones CUOC del nivel y tiene forma de título ocupacional.,0.88,Ortofonista o terapeuta del habla,"Profesionales, científicos e intelectuales",high,1,1,1,FALSE,1,FALSE,FALSE,Ortofonista,TRUE,FALSE,FALSE,TRUE,TRUE,TRUE,FALSE
ortopedista,2,1447,1,2,1,1,1,1,1,3,TRUE,keep,Título ocupacional explícito: aparece como denominación independiente y/o como núcleo inicial del cargo.,0.95,Ortopedista | Ortopedista traumatólogo,"Profesionales, científicos e intelectuales",high,2,1,1,TRUE,1,FALSE,FALSE,Ortopedista,TRUE,FALSE,FALSE,TRUE,TRUE,TRUE,FALSE
ortoptica,2,1573,1,2,0,0,1,0,1,2,TRUE,review,Aparece en un contexto CUOC limitado y no como núcleo del cargo; falta evidencia para mantenerlo o descartarlo automáticamente.,0.55,Optómetra ortóptica,"Profesionales, científicos e intelectuales",low,1,1,1,FALSE,0,FALSE,FALSE,ortóptica,FALSE,FALSE,TRUE,TRUE,FALSE,FALSE,FALSE
ortoptista,2,1574,1,2,0,1,1,1,1,3,TRUE,review,Aparece en un contexto CUOC limitado y no como núcleo del cargo; falta evidencia para mantenerlo o descartarlo automáticamente.,0.55,Optómetra ortoptista,"Profesionales, científicos e intelectuales",low,1,1,1,FALSE,0,FALSE,FALSE,ortoptista,FALSE,FALSE,TRUE,TRUE,FALSE,FALSE,FALSE
osteopata,2,1596,1,2,1,0,1,1,1,3,TRUE,keep,Título ocupacional explícito: aparece como denominación independiente y/o como núcleo inicial del cargo.,0.91,Osteópata,"Profesionales, científicos e intelectuales",high,1,1,1,TRUE,1,FALSE,FALSE,Osteópata,TRUE,FALSE,FALSE,TRUE,TRUE,TRUE,FALSE
ostricultor,6,4212,1,6,1,1,1,1,1,3,TRUE,keep,Título ocupacional explícito: aparece como denominación independiente y/o como núcleo inicial del cargo.,0.91,Ostricultor,"Agricultores y trabajadores calificados agropecuarios, forestales y pesqueros",high,1,1,1,TRUE,1,FALSE,FALSE,Ostricultor,TRUE,FALSE,FALSE,TRUE,TRUE,TRUE,FALSE
otologo,2,1449,1,2,1,1,1,1,1,3,TRUE,keep,Título ocupacional explícito: aparece como denominación independiente y/o como núcleo inicial del cargo.,0.91,Otólogo,"Profesionales, científicos e intelectuales",high,1,1,1,TRUE,1,FALSE,FALSE,Otólogo,TRUE,FALSE,FALSE,TRUE,TRUE,TRUE,FALSE
otorrinolaringologo,2,1450,1,2,1,1,1,1,1,3,TRUE,keep,Título ocupacional explícito: aparece como denominación independiente y/o como núcleo inicial del cargo.,0.91,Otorrinolaringólogo,"Profesionales, científicos e intelectuales",high,1,1,1,TRUE,1,FALSE,FALSE,Otorrinolaringólogo,TRUE,FALSE,FALSE,TRUE,TRUE,TRUE,FALSE
oxicortador,7,4449,1,7,0,0,1,1,1,3,TRUE,keep,Título ocupacional explícito: aparece como denominación independiente y/o como núcleo inicial del cargo.,0.95,Oxicortador | Oxicortador soldador,"Oficiales, operarios, artesanos y trabajadores de ocupaciones afines",high,2,1,1,TRUE,1,FALSE,FALSE,Oxicortador,TRUE,FALSE,FALSE,TRUE,TRUE,TRUE,FALSE
paleografo,2,2078,1,2,1,1,1,1,1,3,TRUE,keep,Título ocupacional explícito: aparece como denominación independiente y/o como núcleo inicial del cargo.,0.91,Paleógrafo,"Profesionales, científicos e intelectuales",high,1,1,1,TRUE,1,FALSE,FALSE,Paleógrafo,TRUE,FALSE,FALSE,TRUE,TRUE,TRUE,FALSE
paleontologo,2,836,1,2,1,1,1,1,1,3,TRUE,keep,Título ocupacional explícito: aparece como denominación independiente y/o como núcleo inicial del cargo.,0.91,Paleontólogo,"Profesionales, científicos e intelectuales",high,1,1,1,TRUE,1,FALSE,FALSE,Paleontólogo,TRUE,FALSE,FALSE,TRUE,TRUE,TRUE,FALSE
panadero,7,5015,1,7,0,0,1,1,1,3,TRUE,keep,Título ocupacional explícito: aparece como denominación independiente y/o como núcleo inicial del cargo.,0.95,Panadero | Panadero bizcochero | Panadero galletero,"Oficiales, operarios, artesanos y trabajadores de ocupaciones afines",high,4,1,1,TRUE,1,FALSE,FALSE,Panadero,TRUE,FALSE,FALSE,TRUE,TRUE,TRUE,FALSE
pantalonero,7,5123,1,7,0,1,1,1,1,3,TRUE,keep,Título ocupacional explícito: aparece como denominación independiente y/o como núcleo inicial del cargo.,0.91,Pantalonero,"Oficiales, operarios, artesanos y trabajadores de ocupaciones afines",high,1,1,1,TRUE,1,FALSE,FALSE,Pantalonero,TRUE,FALSE,FALSE,TRUE,TRUE,TRUE,FALSE
pantografista,7,4726,1,7,0,0,1,1,1,3,TRUE,keep,Núcleo de cargo: encabeza denominaciones CUOC del nivel y tiene forma de título ocupacional.,0.88,Pantografista de imprenta,"Oficiales, operarios, artesanos y trabajadores de ocupaciones afines",high,1,1,1,FALSE,1,FALSE,FALSE,Pantografista,TRUE,FALSE,FALSE,TRUE,TRUE,TRUE,FALSE
parasitologo,2,936,1,2,1,1,1,1,1,3,TRUE,keep,Título ocupacional explícito: aparece como denominación independiente y/o como núcleo inicial del cargo.,0.91,Parasitólogo,"Profesionales, científicos e intelectuales",high,1,1,1,TRUE,1,FALSE,FALSE,Parasitólogo,TRUE,FALSE,FALSE,TRUE,TRUE,TRUE,FALSE
parcelero,6,4070,1,6,1,1,1,1,1,3,TRUE,keep,Núcleo de cargo: encabeza denominaciones CUOC del nivel y tiene forma de título ocupacional.,0.88,Parcelero agrícola,"Agricultores y trabajadores calificados agropecuarios, forestales y pesqueros",high,1,1,1,FALSE,1,FALSE,FALSE,Parcelero,TRUE,FALSE,FALSE,TRUE,TRUE,TRUE,FALSE
parrillero,5,3804,1,5,1,1,1,1,1,3,TRUE,keep,Título ocupacional explícito: aparece como denominación independiente y/o como núcleo inicial del cargo.,0.95,Parrillero | Parrillero asador carnes,Trabajadores de los servicios y vendedores de comercios y mercados,high,2,1,1,TRUE,1,FALSE,FALSE,Parrillero,TRUE,FALSE,FALSE,TRUE,TRUE,TRUE,FALSE
parroco,2,2162,1,2,0,0,1,1,1,3,TRUE,keep,Título ocupacional explícito: aparece como denominación independiente y/o como núcleo inicial del cargo.,0.91,Párroco,"Profesionales, científicos e intelectuales",high,1,1,1,TRUE,1,FALSE,FALSE,Párroco,TRUE,FALSE,FALSE,TRUE,TRUE,TRUE,FALSE
paseador,5,3912,1,5,1,0,1,1,1,3,TRUE,keep,Núcleo de cargo: encabeza denominaciones CUOC del nivel y tiene forma de título ocupacional.,0.88,Paseador canino,Trabajadores de los servicios y vendedores de comercios y mercados,high,1,1,1,FALSE,1,FALSE,FALSE,Paseador,TRUE,FALSE,FALSE,TRUE,TRUE,TRUE,FALSE
patologo,2,937,1,2,1,1,1,1,1,3,TRUE,keep,Título ocupacional explícito: aparece como denominación independiente y/o como núcleo inicial del cargo.,0.95,Patólogo de botánica | Patólogo de plantas | Patólogo,"Profesionales, científicos e intelectuales",high,15,6,6,TRUE,1,FALSE,FALSE,Patólogo,TRUE,FALSE,FALSE,TRUE,TRUE,TRUE,FALSE
patrullero,5,4006,1,5,0,0,1,0,1,2,TRUE,keep,Núcleo de cargo: encabeza denominaciones CUOC del nivel y tiene forma de título ocupacional.,0.93,Patrullero de la policía | Patrullero de policía de carretera | Patrullero de tránsito,Trabajadores de los servicios y vendedores de comercios y mercados,high,4,2,3,FALSE,1,FALSE,FALSE,Patrullero,TRUE,FALSE,FALSE,TRUE,TRUE,TRUE,FALSE
pavimentador,7,4286,1,7,1,1,1,1,1,3,TRUE,keep,Núcleo de cargo: encabeza denominaciones CUOC del nivel y tiene forma de título ocupacional.,0.88,Pavimentador de terrazas,"Oficiales, operarios, artesanos y trabajadores de ocupaciones afines",high,1,1,1,FALSE,1,FALSE,FALSE,Pavimentador,TRUE,FALSE,FALSE,TRUE,TRUE,TRUE,FALSE
payaso,2,2577,1,2,0,1,1,1,1,3,TRUE,keep,Título ocupacional explícito: aparece como denominación independiente y/o como núcleo inicial del cargo.,0.91,Payaso,"Profesionales, científicos e intelectuales",high,1,1,1,TRUE,1,FALSE,FALSE,Payaso,TRUE,FALSE,FALSE,TRUE,TRUE,TRUE,FALSE
pedagogo,2,1758,1,2,0,1,1,1,1,3,TRUE,keep,Núcleo de cargo: encabeza denominaciones CUOC del nivel y tiene forma de título ocupacional.,0.93,Pedagogo reeducador | Pedagogo terapeuta,"Profesionales, científicos e intelectuales",high,2,1,1,FALSE,1,FALSE,FALSE,Pedagogo,TRUE,FALSE,FALSE,TRUE,TRUE,TRUE,FALSE
pediatra,2,1452,1,2,1,1,1,1,1,3,TRUE,keep,Título ocupacional explícito: aparece como denominación independiente y/o como núcleo inicial del cargo.,0.95,Pediatra | Odontólogo pediatra | Optómetra pediatra,"Profesionales, científicos e intelectuales",high,3,3,3,TRUE,0.333,FALSE,FALSE,"Pediatra, pediatra",TRUE,FALSE,FALSE,TRUE,TRUE,TRUE,FALSE
pediatrico,2,1545,1,2,0,0,1,0,1,2,TRUE,review,"Término técnico o sectorial repetido, pero funciona como especialidad, objeto, proceso o contexto y puede cruzar niveles.",0.68,Fisioterapeuta pediátrico | Terapeuta físico pediátrico | Audiólogo pediátrico,"Profesionales, científicos e intelectuales",medium,4,3,3,FALSE,0,FALSE,FALSE,pediátrico,FALSE,FALSE,TRUE,TRUE,FALSE,FALSE,FALSE
pedicurista,5,3839,1,5,1,1,1,1,1,3,TRUE,keep,Título ocupacional explícito: aparece como denominación independiente y/o como núcleo inicial del cargo.,0.95,Manicurista pedicurista | Pedicurista,Trabajadores de los servicios y vendedores de comercios y mercados,high,2,1,1,TRUE,0.5,FALSE,FALSE,"Pedicurista, pedicurista",TRUE,FALSE,FALSE,TRUE,TRUE,TRUE,FALSE
pedodoncista,2,1524,1,2,1,1,1,1,1,3,TRUE,keep,Título ocupacional explícito: aparece como denominación independiente y/o como núcleo inicial del cargo.,0.91,Pedodoncista,"Profesionales, científicos e intelectuales",high,1,1,1,TRUE,1,FALSE,FALSE,Pedodoncista,TRUE,FALSE,FALSE,TRUE,TRUE,TRUE,FALSE
pedrero,7,4272,1,7,0,0,1,1,1,3,TRUE,keep,Título ocupacional explícito: aparece como denominación independiente y/o como núcleo inicial del cargo.,0.91,Pedrero,"Oficiales, operarios, artesanos y trabajadores de ocupaciones afines",high,1,1,1,TRUE,1,FALSE,FALSE,Pedrero,TRUE,FALSE,FALSE,TRUE,TRUE,TRUE,FALSE
peletero,7,5124,1,7,0,1,1,1,1,3,TRUE,keep,Título ocupacional explícito: aparece como denominación independiente y/o como núcleo inicial del cargo.,0.91,Peletero,"Oficiales, operarios, artesanos y trabajadores de ocupaciones afines",high,1,1,1,TRUE,1,FALSE,FALSE,Peletero,TRUE,FALSE,FALSE,TRUE,TRUE,TRUE,FALSE
peluquero,5,3834,1,5,1,1,1,1,1,3,TRUE,keep,Título ocupacional explícito: aparece como denominación independiente y/o como núcleo inicial del cargo.,0.95,Peluquero | Peluquero barbero | Peluquero colorista,Trabajadores de los servicios y vendedores de comercios y mercados,high,5,1,1,TRUE,1,FALSE,FALSE,Peluquero,TRUE,FALSE,FALSE,TRUE,TRUE,TRUE,FALSE
peon,9,5868,1,9,1,1,0,1,1,2,TRUE,keep,Núcleo de cargo: encabeza denominaciones CUOC del nivel y tiene forma de título ocupacional.,0.93,Peón agrícola | Peón de cultivos extensivos | Peón de huerta,Ocupaciones elementales,high,18,9,10,FALSE,1,FALSE,FALSE,Peón,TRUE,FALSE,FALSE,TRUE,TRUE,TRUE,FALSE
percusionista,2,2335,1,2,0,1,1,1,1,3,TRUE,keep,Título ocupacional explícito: aparece como denominación independiente y/o como núcleo inicial del cargo.,0.91,Percusionista,"Profesionales, científicos e intelectuales",high,1,1,1,TRUE,1,FALSE,FALSE,Percusionista,TRUE,FALSE,FALSE,TRUE,TRUE,TRUE,FALSE
periodista,2,2231,1,2,0,1,1,1,1,3,TRUE,keep,Título ocupacional explícito: aparece como denominación independiente y/o como núcleo inicial del cargo.,0.95,Periodista | Periodista cultural | Periodista de crímenes,"Profesionales, científicos e intelectuales",high,18,2,2,TRUE,0.944,FALSE,FALSE,"Periodista, periodista",TRUE,FALSE,FALSE,TRUE,TRUE,TRUE,FALSE
periodoncista,2,1525,1,2,1,1,1,1,1,3,TRUE,keep,Título ocupacional explícito: aparece como denominación independiente y/o como núcleo inicial del cargo.,0.91,Periodoncista,"Profesionales, científicos e intelectuales",high,1,1,1,TRUE,1,FALSE,FALSE,Periodoncista,TRUE,FALSE,FALSE,TRUE,TRUE,TRUE,FALSE
petrologo,2,837,1,2,1,0,1,1,1,3,TRUE,keep,Título ocupacional explícito: aparece como denominación independiente y/o como núcleo inicial del cargo.,0.91,Petrólogo,"Profesionales, científicos e intelectuales",high,1,1,1,TRUE,1,FALSE,FALSE,Petrólogo,TRUE,FALSE,FALSE,TRUE,TRUE,TRUE,FALSE
pianista,2,2336,1,2,0,1,1,1,1,3,TRUE,keep,Título ocupacional explícito: aparece como denominación independiente y/o como núcleo inicial del cargo.,0.91,Pianista,"Profesionales, científicos e intelectuales",high,1,1,1,TRUE,1,FALSE,FALSE,Pianista,TRUE,FALSE,FALSE,TRUE,TRUE,TRUE,FALSE
picapedrero,7,4274,1,7,1,1,1,1,1,3,TRUE,keep,Título ocupacional explícito: aparece como denominación independiente y/o como núcleo inicial del cargo.,0.91,Picapedrero,"Oficiales, operarios, artesanos y trabajadores de ocupaciones afines",high,1,1,1,TRUE,1,FALSE,FALSE,Picapedrero,TRUE,FALSE,FALSE,TRUE,TRUE,TRUE,FALSE
piloto,3,3031,1,3,0,0,1,1,1,3,TRUE,keep,Núcleo de cargo: encabeza denominaciones CUOC del nivel y tiene forma de título ocupacional.,0.93,Piloto de aerodeslizador | Piloto de barco | Piloto de barco navegación fluvial y marítima,Técnicos y profesionales de nivel medio,high,16,3,3,FALSE,1,FALSE,FALSE,Piloto,TRUE,FALSE,FALSE,TRUE,TRUE,TRUE,FALSE
pintores,5,3955,1,5,0,1,1,1,1,3,TRUE,review,Aparece en un contexto CUOC limitado y no como núcleo del cargo; falta evidencia para mantenerlo o descartarlo automáticamente.,0.55,Modelo para pintores,Trabajadores de los servicios y vendedores de comercios y mercados,low,1,1,1,FALSE,0,FALSE,FALSE,pintores,FALSE,FALSE,TRUE,TRUE,FALSE,FALSE,FALSE
piscicultor,6,4213,1,6,1,1,1,1,1,3,TRUE,keep,Título ocupacional explícito: aparece como denominación independiente y/o como núcleo inicial del cargo.,0.91,Piscicultor,"Agricultores y trabajadores calificados agropecuarios, forestales y pesqueros",high,1,1,1,TRUE,1,FALSE,FALSE,Piscicultor,TRUE,FALSE,FALSE,TRUE,TRUE,TRUE,FALSE
piscinero,9,5852,1,9,0,0,1,1,1,3,TRUE,keep,Título ocupacional explícito: aparece como denominación independiente y/o como núcleo inicial del cargo.,0.91,Piscinero,Ocupaciones elementales,high,1,1,1,TRUE,1,FALSE,FALSE,Piscinero,TRUE,FALSE,FALSE,TRUE,TRUE,TRUE,FALSE
pizzero,7,5016,1,7,0,0,1,1,1,3,TRUE,keep,Título ocupacional explícito: aparece como denominación independiente y/o como núcleo inicial del cargo.,0.91,Pizzero,"Oficiales, operarios, artesanos y trabajadores de ocupaciones afines",high,1,1,1,TRUE,1,FALSE,FALSE,Pizzero,TRUE,FALSE,FALSE,TRUE,TRUE,TRUE,FALSE
planchador,9,5847,1,9,1,1,1,1,1,3,TRUE,keep,Título ocupacional explícito: aparece como denominación independiente y/o como núcleo inicial del cargo.,0.95,Planchador | Planchador a mano | Planchador doméstico,Ocupaciones elementales,high,4,1,1,TRUE,1,FALSE,FALSE,Planchador,TRUE,FALSE,FALSE,TRUE,TRUE,TRUE,FALSE
platillero,7,5044,1,7,0,0,1,1,1,3,TRUE,keep,Núcleo de cargo: encabeza denominaciones CUOC del nivel y tiene forma de título ocupacional.,0.88,Platillero de panela,"Oficiales, operarios, artesanos y trabajadores de ocupaciones afines",high,1,1,1,FALSE,1,FALSE,FALSE,Platillero,TRUE,FALSE,FALSE,TRUE,TRUE,TRUE,FALSE
plomero,7,4391,1,7,1,1,1,1,1,3,TRUE,keep,Título ocupacional explícito: aparece como denominación independiente y/o como núcleo inicial del cargo.,0.91,Plomero,"Oficiales, operarios, artesanos y trabajadores de ocupaciones afines",high,1,1,1,TRUE,1,FALSE,FALSE,Plomero,TRUE,FALSE,FALSE,TRUE,TRUE,TRUE,FALSE
poeta,2,2214,1,2,0,1,1,1,1,3,TRUE,keep,Título ocupacional explícito: aparece como denominación independiente y/o como núcleo inicial del cargo.,0.91,Poeta,"Profesionales, científicos e intelectuales",high,1,1,1,TRUE,1,FALSE,FALSE,Poeta,TRUE,FALSE,FALSE,TRUE,TRUE,TRUE,FALSE
politologo,2,2086,1,2,1,1,1,1,1,3,TRUE,keep,Título ocupacional explícito: aparece como denominación independiente y/o como núcleo inicial del cargo.,0.91,Politólogo,"Profesionales, científicos e intelectuales",high,1,1,1,TRUE,1,FALSE,FALSE,Politólogo,TRUE,FALSE,FALSE,TRUE,TRUE,TRUE,FALSE
pomologo,2,959,1,2,0,0,1,1,1,3,TRUE,keep,Título ocupacional explícito: aparece como denominación independiente y/o como núcleo inicial del cargo.,0.91,Pomólogo,"Profesionales, científicos e intelectuales",high,1,1,1,TRUE,1,FALSE,FALSE,Pomólogo,TRUE,FALSE,FALSE,TRUE,TRUE,TRUE,FALSE
porcicultor,6,4148,1,6,1,1,1,1,1,3,TRUE,keep,Título ocupacional explícito: aparece como denominación independiente y/o como núcleo inicial del cargo.,0.91,Porcicultor,"Agricultores y trabajadores calificados agropecuarios, forestales y pesqueros",high,1,1,1,TRUE,1,FALSE,FALSE,Porcicultor,TRUE,FALSE,FALSE,TRUE,TRUE,TRUE,FALSE
prensero,7,5045,1,7,0,0,1,1,1,3,TRUE,keep,Núcleo de cargo: encabeza denominaciones CUOC del nivel y tiene forma de título ocupacional.,0.88,Prensero de panela,"Oficiales, operarios, artesanos y trabajadores de ocupaciones afines",high,1,1,1,FALSE,1,FALSE,FALSE,Prensero,TRUE,FALSE,FALSE,TRUE,TRUE,TRUE,FALSE
profesor,2,1602,1,2,1,1,1,1,1,3,TRUE,review,"Puede funcionar como título ocupacional, pero aislado es polisémico o demasiado transversal; conviene revisar falsos positivos.",0.62,Profesor académico universitario | Profesor adjunto de universidad | Profesor de áreas teóricas de la música en educación superior,"Profesionales, científicos e intelectuales",low,232,11,12,FALSE,0.996,FALSE,FALSE,"Profesor, profesor",FALSE,FALSE,TRUE,TRUE,FALSE,FALSE,FALSE
profesores,5,3986,1,5,0,1,0,1,0,1,TRUE,review,Aparece en un contexto CUOC limitado y no como núcleo del cargo; falta evidencia para mantenerlo o descartarlo automáticamente.,0.55,Colaborador de profesores,Trabajadores de los servicios y vendedores de comercios y mercados,low,1,1,1,FALSE,0,FALSE,FALSE,profesores,FALSE,FALSE,TRUE,TRUE,FALSE,FALSE,FALSE
pronosticador,2,781,1,2,1,0,0,0,1,1,TRUE,keep,Núcleo de cargo: encabeza denominaciones CUOC del nivel y tiene forma de título ocupacional.,0.88,Pronosticador del tiempo,"Profesionales, científicos e intelectuales",high,1,1,1,FALSE,1,FALSE,FALSE,Pronosticador,TRUE,FALSE,FALSE,TRUE,TRUE,TRUE,FALSE
prostituta,5,3918,1,5,0,0,1,1,1,3,TRUE,keep,Título ocupacional explícito: aparece como denominación independiente y/o como núcleo inicial del cargo.,0.91,Prostituta,Trabajadores de los servicios y vendedores de comercios y mercados,high,1,1,1,TRUE,1,FALSE,FALSE,Prostituta,TRUE,FALSE,FALSE,TRUE,TRUE,TRUE,FALSE
prostodoncista,2,1522,1,2,0,1,1,1,1,3,TRUE,keep,Título ocupacional explícito: aparece como denominación independiente y/o como núcleo inicial del cargo.,0.95,Odontólogo prostodoncista | Prostodoncista,"Profesionales, científicos e intelectuales",high,2,1,1,TRUE,0.5,FALSE,FALSE,"Prostodoncista, prostodoncista",TRUE,FALSE,FALSE,TRUE,TRUE,TRUE,FALSE
psicoanalista,2,2088,1,2,0,1,1,1,1,3,TRUE,keep,Título ocupacional explícito: aparece como denominación independiente y/o como núcleo inicial del cargo.,0.91,Psicoanalista,"Profesionales, científicos e intelectuales",high,1,1,1,TRUE,1,FALSE,FALSE,Psicoanalista,TRUE,FALSE,FALSE,TRUE,TRUE,TRUE,FALSE
psicoeducador,2,2111,1,2,0,0,1,1,1,3,TRUE,keep,Título ocupacional explícito: aparece como denominación independiente y/o como núcleo inicial del cargo.,0.91,Psicoeducador,"Profesionales, científicos e intelectuales",high,1,1,1,TRUE,1,FALSE,FALSE,Psicoeducador,TRUE,FALSE,FALSE,TRUE,TRUE,TRUE,FALSE
psicologico,2,2093,1,2,1,0,1,0,1,2,TRUE,review,Aparece en un contexto CUOC limitado y no como núcleo del cargo; falta evidencia para mantenerlo o descartarlo automáticamente.,0.55,Terapeuta psicológico,"Profesionales, científicos e intelectuales",low,1,1,1,FALSE,0,FALSE,FALSE,psicológico,FALSE,FALSE,TRUE,TRUE,FALSE,FALSE,FALSE
psicologo,2,2089,1,2,1,1,1,1,1,3,TRUE,keep,Título ocupacional explícito: aparece como denominación independiente y/o como núcleo inicial del cargo.,0.95,Psicólogo | Psicólogo clínico | Psicólogo comunitario,"Profesionales, científicos e intelectuales",high,14,1,1,TRUE,1,FALSE,FALSE,Psicólogo,TRUE,FALSE,FALSE,TRUE,TRUE,TRUE,FALSE
psicometrista,2,2091,1,2,1,0,1,1,1,3,TRUE,keep,Título ocupacional explícito: aparece como denominación independiente y/o como núcleo inicial del cargo.,0.91,Psicometrista,"Profesionales, científicos e intelectuales",high,1,1,1,TRUE,1,FALSE,FALSE,Psicometrista,TRUE,FALSE,FALSE,TRUE,TRUE,TRUE,FALSE
psicoterapeuta,2,2092,1,2,1,0,1,1,1,3,TRUE,keep,Título ocupacional explícito: aparece como denominación independiente y/o como núcleo inicial del cargo.,0.91,Psicoterapeuta,"Profesionales, científicos e intelectuales",high,1,1,1,TRUE,1,FALSE,FALSE,Psicoterapeuta,TRUE,FALSE,FALSE,TRUE,TRUE,TRUE,FALSE
psiquiatra,2,1453,1,2,1,1,1,1,1,3,TRUE,keep,Título ocupacional explícito: aparece como denominación independiente y/o como núcleo inicial del cargo.,0.91,Psiquiatra,"Profesionales, científicos e intelectuales",high,1,1,1,TRUE,1,FALSE,FALSE,Psiquiatra,TRUE,FALSE,FALSE,TRUE,TRUE,TRUE,FALSE
publicista,2,1903,1,2,0,1,1,1,1,3,TRUE,keep,Título ocupacional explícito: aparece como denominación independiente y/o como núcleo inicial del cargo.,0.95,Consultor publicista | Estratega publicista | Publicista,"Profesionales, científicos e intelectuales",high,4,1,1,TRUE,0.5,FALSE,FALSE,"Publicista, publicista",TRUE,FALSE,FALSE,TRUE,TRUE,TRUE,FALSE
pulimentador,7,4271,1,7,1,1,1,1,1,3,TRUE,review,Aparece en un contexto CUOC limitado y no como núcleo del cargo; falta evidencia para mantenerlo o descartarlo automáticamente.,0.55,Labrante pulimentador a máquina piedra,"Oficiales, operarios, artesanos y trabajadores de ocupaciones afines",low,1,1,1,FALSE,0,FALSE,FALSE,pulimentador,FALSE,FALSE,TRUE,TRUE,FALSE,FALSE,FALSE
quiropodista,2,1598,1,2,1,0,1,1,1,3,TRUE,keep,Título ocupacional explícito: aparece como denominación independiente y/o como núcleo inicial del cargo.,0.91,Quiropodista,"Profesionales, científicos e intelectuales",high,1,1,1,TRUE,1,FALSE,FALSE,Quiropodista,TRUE,FALSE,FALSE,TRUE,TRUE,TRUE,FALSE
radioastronomo,2,774,1,2,1,1,1,1,1,3,TRUE,keep,Título ocupacional explícito: aparece como denominación independiente y/o como núcleo inicial del cargo.,0.91,Radioastrónomo,"Profesionales, científicos e intelectuales",high,1,1,1,TRUE,1,FALSE,FALSE,Radioastrónomo,TRUE,FALSE,FALSE,TRUE,TRUE,TRUE,FALSE
radiodifusor,2,2494,1,2,0,1,1,1,1,3,TRUE,keep,Título ocupacional explícito: aparece como denominación independiente y/o como núcleo inicial del cargo.,0.91,Radiodifusor,"Profesionales, científicos e intelectuales",high,1,1,1,TRUE,1,FALSE,FALSE,Radiodifusor,TRUE,FALSE,FALSE,TRUE,TRUE,TRUE,FALSE
radiografo,3,2691,1,3,0,0,1,1,1,3,TRUE,keep,Título ocupacional explícito: aparece como denominación independiente y/o como núcleo inicial del cargo.,0.95,Radiógrafo industrial | Radiógrafo | Radiógrafo de diagnóstico médico,Técnicos y profesionales de nivel medio,high,3,2,2,TRUE,1,FALSE,FALSE,Radiógrafo,TRUE,FALSE,FALSE,TRUE,TRUE,TRUE,FALSE
radionavegante,3,3616,1,3,0,1,0,1,0,1,TRUE,keep,Título ocupacional explícito: aparece como denominación independiente y/o como núcleo inicial del cargo.,0.91,Radionavegante,Técnicos y profesionales de nivel medio,high,1,1,1,TRUE,1,FALSE,FALSE,Radionavegante,TRUE,FALSE,FALSE,TRUE,TRUE,TRUE,FALSE
radiotelefonista,3,3617,1,3,1,1,1,1,1,3,TRUE,keep,Núcleo de cargo: encabeza denominaciones CUOC del nivel y tiene forma de título ocupacional.,0.88,Radiotelefonista de estaciones terrestres,Técnicos y profesionales de nivel medio,high,1,1,1,FALSE,1,FALSE,FALSE,Radiotelefonista,TRUE,FALSE,FALSE,TRUE,TRUE,TRUE,FALSE
recadero,9,5987,1,9,0,1,0,1,0,1,TRUE,keep,Título ocupacional explícito: aparece como denominación independiente y/o como núcleo inicial del cargo.,0.91,Recadero,Ocupaciones elementales,high,1,1,1,TRUE,1,FALSE,FALSE,Recadero,TRUE,FALSE,FALSE,TRUE,TRUE,TRUE,FALSE
recepcionista,4,3627,1,4,1,0,1,1,1,3,TRUE,keep,Título ocupacional explícito: aparece como denominación independiente y/o como núcleo inicial del cargo.,0.95,Secretario recepcionista | Auxiliar recepcionista de hotel | Recepcionista alojamiento,Personal de apoyo administrativo,high,12,4,4,TRUE,0.75,FALSE,FALSE,"Recepcionista, recepcionista",TRUE,FALSE,FALSE,TRUE,TRUE,TRUE,FALSE
reciclador,9,5995,1,9,0,1,1,1,1,3,TRUE,keep,Título ocupacional explícito: aparece como denominación independiente y/o como núcleo inicial del cargo.,0.95,Cartonero reciclador | Reciclador,Ocupaciones elementales,high,2,2,2,TRUE,0.5,FALSE,FALSE,"Reciclador, reciclador",TRUE,FALSE,FALSE,TRUE,TRUE,TRUE,FALSE
recluta,0,60,1,0,1,0,1,0,1,2,TRUE,keep,Término inequívoco del dominio del nivel y respaldado por denominaciones CUOC del archivo fuente.,0.96,Soldado recluta,Ocupaciones de las fuerzas militares,high,1,1,1,FALSE,0,FALSE,FALSE,recluta,TRUE,FALSE,FALSE,TRUE,TRUE,TRUE,FALSE
reflexologo,3,3120,1,3,0,0,1,0,1,2,TRUE,keep,Título ocupacional explícito: aparece como denominación independiente y/o como núcleo inicial del cargo.,0.91,Reflexólogo,Técnicos y profesionales de nivel medio,high,1,1,1,TRUE,1,FALSE,FALSE,Reflexólogo,TRUE,FALSE,FALSE,TRUE,TRUE,TRUE,FALSE
relojero,7,4655,1,7,1,1,1,1,1,3,TRUE,keep,Título ocupacional explícito: aparece como denominación independiente y/o como núcleo inicial del cargo.,0.91,Relojero,"Oficiales, operarios, artesanos y trabajadores de ocupaciones afines",high,1,1,1,TRUE,1,FALSE,FALSE,Relojero,TRUE,FALSE,FALSE,TRUE,TRUE,TRUE,FALSE
remachador,7,4487,1,7,1,0,1,1,1,3,TRUE,keep,Título ocupacional explícito: aparece como denominación independiente y/o como núcleo inicial del cargo.,0.95,Remachador | Remachador de estructuras metálicas | Remachador de martillo neumático,"Oficiales, operarios, artesanos y trabajadores de ocupaciones afines",high,3,1,1,TRUE,1,FALSE,FALSE,Remachador,TRUE,FALSE,FALSE,TRUE,TRUE,TRUE,FALSE
remendero,7,5173,1,7,1,1,0,1,1,2,TRUE,review,Aparece en un contexto CUOC limitado y no como núcleo del cargo; falta evidencia para mantenerlo o descartarlo automáticamente.,0.55,Zapatero remendero,"Oficiales, operarios, artesanos y trabajadores de ocupaciones afines",low,1,1,1,FALSE,0,FALSE,FALSE,remendero,FALSE,FALSE,TRUE,TRUE,FALSE,FALSE,FALSE
remolcador,8,5822,1,8,1,1,1,1,1,3,TRUE,review,"Término técnico o sectorial repetido, pero funciona como especialidad, objeto, proceso o contexto y puede cruzar niveles.",0.68,Timonel remolcador | Operador de remolcador,Operadores de instalaciones y máquinas y ensambladores,medium,2,1,2,FALSE,0,FALSE,FALSE,remolcador,FALSE,FALSE,TRUE,TRUE,FALSE,FALSE,FALSE
renderizador,3,2685,1,3,0,0,1,0,1,2,TRUE,keep,Núcleo de cargo: encabeza denominaciones CUOC del nivel y tiene forma de título ocupacional.,0.88,Renderizador gráfico,Técnicos y profesionales de nivel medio,high,1,1,1,FALSE,1,FALSE,FALSE,Renderizador,TRUE,FALSE,FALSE,TRUE,TRUE,TRUE,FALSE
reologista,2,775,1,2,1,0,1,1,1,3,TRUE,keep,Título ocupacional explícito: aparece como denominación independiente y/o como núcleo inicial del cargo.,0.91,Reologista,"Profesionales, científicos e intelectuales",high,1,1,1,TRUE,1,FALSE,FALSE,Reologista,TRUE,FALSE,FALSE,TRUE,TRUE,TRUE,FALSE
reologo,2,776,1,2,0,1,1,1,1,3,TRUE,keep,Título ocupacional explícito: aparece como denominación independiente y/o como núcleo inicial del cargo.,0.91,Reólogo,"Profesionales, científicos e intelectuales",high,1,1,1,TRUE,1,FALSE,FALSE,Reólogo,TRUE,FALSE,FALSE,TRUE,TRUE,TRUE,FALSE
repentista,2,2377,1,2,0,1,1,1,1,3,TRUE,keep,Título ocupacional explícito: aparece como denominación independiente y/o como núcleo inicial del cargo.,0.91,Repentista,"Profesionales, científicos e intelectuales",high,1,1,1,TRUE,1,FALSE,FALSE,Repentista,TRUE,FALSE,FALSE,TRUE,TRUE,TRUE,FALSE
reumatologo,2,1454,1,2,1,1,1,1,1,3,TRUE,keep,Título ocupacional explícito: aparece como denominación independiente y/o como núcleo inicial del cargo.,0.91,Reumatólogo,"Profesionales, científicos e intelectuales",high,1,1,1,TRUE,1,FALSE,FALSE,Reumatólogo,TRUE,FALSE,FALSE,TRUE,TRUE,TRUE,FALSE
revocador,7,4363,1,7,0,0,1,1,1,3,TRUE,keep,Título ocupacional explícito: aparece como denominación independiente y/o como núcleo inicial del cargo.,0.91,Revocador,"Oficiales, operarios, artesanos y trabajadores de ocupaciones afines",high,1,1,1,TRUE,1,FALSE,FALSE,Revocador,TRUE,FALSE,FALSE,TRUE,TRUE,TRUE,FALSE
rinologo,2,1455,1,2,1,1,1,1,1,3,TRUE,keep,Título ocupacional explícito: aparece como denominación independiente y/o como núcleo inicial del cargo.,0.91,Rinólogo,"Profesionales, científicos e intelectuales",high,1,1,1,TRUE,1,FALSE,FALSE,Rinólogo,TRUE,FALSE,FALSE,TRUE,TRUE,TRUE,FALSE
sacristan,5,3868,1,5,0,0,1,1,1,3,TRUE,keep,Título ocupacional explícito: aparece como denominación independiente y/o como núcleo inicial del cargo.,0.91,Sacristán,Trabajadores de los servicios y vendedores de comercios y mercados,high,1,1,1,TRUE,1,FALSE,FALSE,Sacristán,TRUE,FALSE,FALSE,TRUE,TRUE,TRUE,FALSE
salubrista,2,1541,1,2,0,1,1,1,1,3,TRUE,keep,Título ocupacional explícito: aparece como denominación independiente y/o como núcleo inicial del cargo.,0.91,Salubrista,"Profesionales, científicos e intelectuales",high,1,1,1,TRUE,1,FALSE,FALSE,Salubrista,TRUE,FALSE,FALSE,TRUE,TRUE,TRUE,FALSE
salvacionista,3,3421,1,3,0,0,1,0,1,2,TRUE,keep,Título ocupacional explícito: aparece como denominación independiente y/o como núcleo inicial del cargo.,0.91,Salvacionista,Técnicos y profesionales de nivel medio,high,1,1,1,TRUE,1,FALSE,FALSE,Salvacionista,TRUE,FALSE,FALSE,TRUE,TRUE,TRUE,FALSE
sastre,7,5125,1,7,1,1,1,1,1,3,TRUE,keep,Título ocupacional explícito: aparece como denominación independiente y/o como núcleo inicial del cargo.,0.95,Sastre | Sastre de confección | Sastre de confección sobre medidas,"Oficiales, operarios, artesanos y trabajadores de ocupaciones afines",high,4,1,1,TRUE,1,FALSE,FALSE,Sastre,TRUE,FALSE,FALSE,TRUE,TRUE,TRUE,FALSE
satinador,8,5600,1,8,0,1,0,1,0,1,TRUE,keep,Núcleo de cargo: encabeza denominaciones CUOC del nivel y tiene forma de título ocupacional.,0.88,Satinador calandrador papel,Operadores de instalaciones y máquinas y ensambladores,high,1,1,1,FALSE,1,FALSE,FALSE,Satinador,TRUE,FALSE,FALSE,TRUE,TRUE,TRUE,FALSE
saxofonista,2,2338,1,2,0,1,1,1,1,3,TRUE,keep,Título ocupacional explícito: aparece como denominación independiente y/o como núcleo inicial del cargo.,0.91,Saxofonista,"Profesionales, científicos e intelectuales",high,1,1,1,TRUE,1,FALSE,FALSE,Saxofonista,TRUE,FALSE,FALSE,TRUE,TRUE,TRUE,FALSE
secretaria,4,3628,1,4,1,0,1,1,1,3,TRUE,keep,Título ocupacional explícito: aparece como denominación independiente y/o como núcleo inicial del cargo.,0.91,Secretaria,Personal de apoyo administrativo,high,1,1,1,TRUE,1,FALSE,FALSE,Secretaria,TRUE,FALSE,FALSE,TRUE,TRUE,TRUE,FALSE
semasiologo,2,2269,1,2,0,0,1,1,1,3,TRUE,keep,Título ocupacional explícito: aparece como denominación independiente y/o como núcleo inicial del cargo.,0.91,Semasiólogo,"Profesionales, científicos e intelectuales",high,1,1,1,TRUE,1,FALSE,FALSE,Semasiólogo,TRUE,FALSE,FALSE,TRUE,TRUE,TRUE,FALSE
seminarista,3,3422,1,3,1,1,1,1,1,3,TRUE,keep,Título ocupacional explícito: aparece como denominación independiente y/o como núcleo inicial del cargo.,0.91,Seminarista,Técnicos y profesionales de nivel medio,high,1,1,1,TRUE,1,FALSE,FALSE,Seminarista,TRUE,FALSE,FALSE,TRUE,TRUE,TRUE,FALSE
sepulturero,9,5921,1,9,0,1,1,1,1,3,TRUE,keep,Título ocupacional explícito: aparece como denominación independiente y/o como núcleo inicial del cargo.,0.91,Sepulturero,Ocupaciones elementales,high,1,1,1,TRUE,1,FALSE,FALSE,Sepulturero,TRUE,FALSE,FALSE,TRUE,TRUE,TRUE,FALSE
sericultor,6,4169,1,6,1,1,1,1,1,3,TRUE,keep,Título ocupacional explícito: aparece como denominación independiente y/o como núcleo inicial del cargo.,0.91,Sericultor,"Agricultores y trabajadores calificados agropecuarios, forestales y pesqueros",high,1,1,1,TRUE,1,FALSE,FALSE,Sericultor,TRUE,FALSE,FALSE,TRUE,TRUE,TRUE,FALSE
servidumbre,5,3865,1,5,1,1,0,1,1,2,TRUE,review,Aparece en un contexto CUOC limitado y no como núcleo del cargo; falta evidencia para mantenerlo o descartarlo automáticamente.,0.55,Jefe de personal de servidumbre,Trabajadores de los servicios y vendedores de comercios y mercados,low,1,1,1,FALSE,0,FALSE,FALSE,servidumbre,FALSE,FALSE,TRUE,TRUE,FALSE,FALSE,FALSE
sigilografo,2,2079,1,2,0,1,1,1,1,3,TRUE,keep,Título ocupacional explícito: aparece como denominación independiente y/o como núcleo inicial del cargo.,0.91,Sigilógrafo,"Profesionales, científicos e intelectuales",high,1,1,1,TRUE,1,FALSE,FALSE,Sigilógrafo,TRUE,FALSE,FALSE,TRUE,TRUE,TRUE,FALSE
sirviente,9,5837,1,9,1,1,0,1,1,2,TRUE,keep,Título ocupacional explícito: aparece como denominación independiente y/o como núcleo inicial del cargo.,0.91,Sirviente,Ocupaciones elementales,high,1,1,1,TRUE,1,FALSE,FALSE,Sirviente,TRUE,FALSE,FALSE,TRUE,TRUE,TRUE,FALSE
sismologo,2,838,1,2,1,1,1,1,1,3,TRUE,keep,Título ocupacional explícito: aparece como denominación independiente y/o como núcleo inicial del cargo.,0.91,Sismólogo,"Profesionales, científicos e intelectuales",high,1,1,1,TRUE,1,FALSE,FALSE,Sismólogo,TRUE,FALSE,FALSE,TRUE,TRUE,TRUE,FALSE
sobador,7,5158,1,7,0,0,1,1,1,3,TRUE,keep,Título ocupacional explícito: aparece como denominación independiente y/o como núcleo inicial del cargo.,0.91,Sobador,"Oficiales, operarios, artesanos y trabajadores de ocupaciones afines",high,1,1,1,TRUE,1,FALSE,FALSE,Sobador,TRUE,FALSE,FALSE,TRUE,TRUE,TRUE,FALSE
sobrecargo,5,3781,1,5,1,1,0,1,1,2,TRUE,keep,Núcleo de cargo: encabeza denominaciones CUOC del nivel y tiene forma de título ocupacional.,0.93,Jefe de sobrecargo en barco | Sobrecargo barco | Sobrecargo de aerolínea,Trabajadores de los servicios y vendedores de comercios y mercados,high,5,1,1,FALSE,0.8,FALSE,FALSE,"Sobrecargo, sobrecargo",TRUE,FALSE,FALSE,TRUE,TRUE,TRUE,FALSE
sobrecargos,5,3777,1,5,1,1,0,1,1,2,TRUE,review,Aparece en un contexto CUOC limitado y no como núcleo del cargo; falta evidencia para mantenerlo o descartarlo automáticamente.,0.55,Auxiliar vuelo y sobrecargos,Trabajadores de los servicios y vendedores de comercios y mercados,low,1,1,1,FALSE,0,FALSE,FALSE,sobrecargos,FALSE,FALSE,TRUE,TRUE,FALSE,FALSE,FALSE
sociologo,2,2080,1,2,1,1,1,1,1,3,TRUE,keep,Título ocupacional explícito: aparece como denominación independiente y/o como núcleo inicial del cargo.,0.95,Sociólogo | Sociólogo de educación | Sociólogo de política,"Profesionales, científicos e intelectuales",high,5,1,1,TRUE,1,FALSE,FALSE,Sociólogo,TRUE,FALSE,FALSE,TRUE,TRUE,TRUE,FALSE
soldado,0,57,1,0,1,0,1,0,1,2,TRUE,keep,Término inequívoco del dominio del nivel y respaldado por denominaciones CUOC del archivo fuente.,0.96,Soldado | Soldado bachiller | Soldado campesino,Ocupaciones de las fuerzas militares,high,13,1,1,TRUE,1,FALSE,FALSE,Soldado,TRUE,FALSE,FALSE,TRUE,TRUE,TRUE,FALSE
soldadores,3,2788,1,3,1,0,1,1,1,3,TRUE,review,Aparece en un contexto CUOC limitado y no como núcleo del cargo; falta evidencia para mantenerlo o descartarlo automáticamente.,0.55,Supervisor de soldadores,Técnicos y profesionales de nivel medio,low,1,1,1,FALSE,0,FALSE,FALSE,soldadores,FALSE,FALSE,TRUE,TRUE,FALSE,FALSE,FALSE
somelier,5,3817,1,5,0,1,1,1,1,3,TRUE,review,Aparece en un contexto CUOC limitado y no como núcleo del cargo; falta evidencia para mantenerlo o descartarlo automáticamente.,0.55,Experto en vinos - somelier,Trabajadores de los servicios y vendedores de comercios y mercados,low,1,1,1,FALSE,0,FALSE,FALSE,somelier,FALSE,FALSE,TRUE,TRUE,FALSE,FALSE,FALSE
sommelier,5,3821,1,5,0,1,1,1,1,3,TRUE,keep,Título ocupacional explícito: aparece como denominación independiente y/o como núcleo inicial del cargo.,0.91,Sommelier,Trabajadores de los servicios y vendedores de comercios y mercados,high,1,1,1,TRUE,1,FALSE,FALSE,Sommelier,TRUE,FALSE,FALSE,TRUE,TRUE,TRUE,FALSE
sonidista,3,3590,1,3,0,0,1,1,1,3,TRUE,keep,Título ocupacional explícito: aparece como denominación independiente y/o como núcleo inicial del cargo.,0.95,Sonidista de auditorio | Sonidista,Técnicos y profesionales de nivel medio,high,2,1,2,TRUE,1,FALSE,FALSE,Sonidista,TRUE,FALSE,FALSE,TRUE,TRUE,TRUE,FALSE
sopletista,7,4474,1,7,0,0,1,1,1,3,TRUE,keep,Núcleo de cargo: encabeza denominaciones CUOC del nivel y tiene forma de título ocupacional.,0.88,Sopletista soldador,"Oficiales, operarios, artesanos y trabajadores de ocupaciones afines",high,1,1,1,FALSE,1,FALSE,FALSE,Sopletista,TRUE,FALSE,FALSE,TRUE,TRUE,TRUE,FALSE
soprano,2,2340,1,2,0,0,1,1,1,3,TRUE,keep,Título ocupacional explícito: aparece como denominación independiente y/o como núcleo inicial del cargo.,0.91,Soprano,"Profesionales, científicos e intelectuales",high,1,1,1,TRUE,1,FALSE,FALSE,Soprano,TRUE,FALSE,FALSE,TRUE,TRUE,TRUE,FALSE
steward,9,5980,1,9,0,0,1,1,1,3,TRUE,keep,Título ocupacional explícito: aparece como denominación independiente y/o como núcleo inicial del cargo.,0.91,Steward,Ocupaciones elementales,high,1,1,1,TRUE,1,FALSE,FALSE,Steward,TRUE,FALSE,FALSE,TRUE,TRUE,TRUE,FALSE
subdirector,1,339,1,1,1,1,1,1,1,3,TRUE,keep,Término inequívoco del dominio del nivel y respaldado por denominaciones CUOC del archivo fuente.,0.96,Subdirector administrativo | Subdirector científico | Subdirector de diseño,Directores y gerentes,high,7,6,6,FALSE,1,FALSE,FALSE,Subdirector,TRUE,FALSE,FALSE,TRUE,TRUE,TRUE,FALSE
subgerente,1,275,1,1,1,1,1,1,1,3,TRUE,keep,Término inequívoco del dominio del nivel y respaldado por denominaciones CUOC del archivo fuente.,0.96,Subgerente administrativo y financiero | Subgerente financiero | Subgerente comercial de banca personal,Directores y gerentes,high,9,5,6,FALSE,1,FALSE,FALSE,Subgerente,TRUE,FALSE,FALSE,TRUE,TRUE,TRUE,FALSE
surtidor,9,5944,1,9,1,1,1,1,1,3,TRUE,keep,Núcleo de cargo: encabeza denominaciones CUOC del nivel y tiene forma de título ocupacional.,0.93,Surtidor de tejido | Surtidor de abarrotes | Surtidor de comestibles,Ocupaciones elementales,high,8,3,3,FALSE,1,FALSE,FALSE,Surtidor,TRUE,FALSE,FALSE,TRUE,TRUE,TRUE,FALSE
tabernero,5,3826,1,5,0,0,1,1,1,3,TRUE,keep,Título ocupacional explícito: aparece como denominación independiente y/o como núcleo inicial del cargo.,0.91,Tabernero,Trabajadores de los servicios y vendedores de comercios y mercados,high,1,1,1,TRUE,1,FALSE,FALSE,Tabernero,TRUE,FALSE,FALSE,TRUE,TRUE,TRUE,FALSE
talabartero,7,4892,1,7,1,1,1,1,1,3,TRUE,keep,Título ocupacional explícito: aparece como denominación independiente y/o como núcleo inicial del cargo.,0.95,Artesano talabartero | Talabartero,"Oficiales, operarios, artesanos y trabajadores de ocupaciones afines",high,2,1,1,TRUE,0.5,FALSE,FALSE,"Talabartero, talabartero",TRUE,FALSE,FALSE,TRUE,TRUE,TRUE,FALSE
talador,6,4186,1,6,0,0,1,1,1,3,TRUE,keep,Título ocupacional explícito: aparece como denominación independiente y/o como núcleo inicial del cargo.,0.95,Aserrador talador | Talador | Talador de arboles,"Agricultores y trabajadores calificados agropecuarios, forestales y pesqueros",high,4,1,1,TRUE,0.75,FALSE,FALSE,"Talador, talador",TRUE,FALSE,FALSE,TRUE,TRUE,TRUE,FALSE
taladrero,8,5272,1,8,0,1,0,1,0,1,TRUE,keep,Núcleo de cargo: encabeza denominaciones CUOC del nivel y tiene forma de título ocupacional.,0.88,Taladrero de perforación de petróleo y gas,Operadores de instalaciones y máquinas y ensambladores,high,1,1,1,FALSE,1,FALSE,FALSE,Taladrero,TRUE,FALSE,FALSE,TRUE,TRUE,TRUE,FALSE
taladrista,7,4875,1,7,0,0,1,1,1,3,TRUE,keep,Núcleo de cargo: encabeza denominaciones CUOC del nivel y tiene forma de título ocupacional.,0.88,Taladrista de metales preciosos,"Oficiales, operarios, artesanos y trabajadores de ocupaciones afines",high,1,1,1,FALSE,1,FALSE,FALSE,Taladrista,TRUE,FALSE,FALSE,TRUE,TRUE,TRUE,FALSE
tallista,7,4878,1,7,1,0,1,1,1,3,TRUE,review,"Término técnico o sectorial repetido, pero funciona como especialidad, objeto, proceso o contexto y puede cruzar niveles.",0.68,Tallista de piedras preciosas | Ebanista tallista | Tallista de madera,"Oficiales, operarios, artesanos y trabajadores de ocupaciones afines",medium,3,2,2,FALSE,0.667,FALSE,FALSE,"Tallista, tallista",FALSE,FALSE,TRUE,TRUE,FALSE,FALSE,FALSE
tanatologo,5,3889,1,5,0,0,1,1,1,3,TRUE,keep,Título ocupacional explícito: aparece como denominación independiente y/o como núcleo inicial del cargo.,0.91,Tanatólogo,Trabajadores de los servicios y vendedores de comercios y mercados,high,1,1,1,TRUE,1,FALSE,FALSE,Tanatólogo,TRUE,FALSE,FALSE,TRUE,TRUE,TRUE,FALSE
tanqueador,9,5958,1,9,0,0,1,0,1,2,TRUE,keep,Título ocupacional explícito: aparece como denominación independiente y/o como núcleo inicial del cargo.,0.91,Tanqueador,Ocupaciones elementales,high,1,1,1,TRUE,1,FALSE,FALSE,Tanqueador,TRUE,FALSE,FALSE,TRUE,TRUE,TRUE,FALSE
tapicero,7,5127,1,7,1,0,1,1,1,3,TRUE,keep,Título ocupacional explícito: aparece como denominación independiente y/o como núcleo inicial del cargo.,0.95,Patronista tapicero | Tapicero | Tapicero automóviles,"Oficiales, operarios, artesanos y trabajadores de ocupaciones afines",high,6,2,2,TRUE,0.833,FALSE,FALSE,"Tapicero, tapicero",TRUE,FALSE,FALSE,TRUE,TRUE,TRUE,FALSE
taquillero,5,3950,1,5,1,1,0,1,1,2,TRUE,keep,Título ocupacional explícito: aparece como denominación independiente y/o como núcleo inicial del cargo.,0.95,Taquillero | Taquillero teatro | Taquillero transporte público,Trabajadores de los servicios y vendedores de comercios y mercados,high,3,1,1,TRUE,1,FALSE,FALSE,Taquillero,TRUE,FALSE,FALSE,TRUE,TRUE,TRUE,FALSE
tatuador,3,3525,1,3,1,1,1,1,1,3,TRUE,keep,Título ocupacional explícito: aparece como denominación independiente y/o como núcleo inicial del cargo.,0.91,Tatuador,Técnicos y profesionales de nivel medio,high,1,1,1,TRUE,1,FALSE,FALSE,Tatuador,TRUE,FALSE,FALSE,TRUE,TRUE,TRUE,FALSE
taxidermista,3,3499,1,3,0,0,1,1,1,3,TRUE,keep,Título ocupacional explícito: aparece como denominación independiente y/o como núcleo inicial del cargo.,0.91,Taxidermista,Técnicos y profesionales de nivel medio,high,1,1,1,TRUE,1,FALSE,FALSE,Taxidermista,TRUE,FALSE,FALSE,TRUE,TRUE,TRUE,FALSE
taxista,8,5726,1,8,1,1,1,1,1,3,TRUE,keep,Título ocupacional explícito: aparece como denominación independiente y/o como núcleo inicial del cargo.,0.91,Taxista,Operadores de instalaciones y máquinas y ensambladores,high,1,1,1,TRUE,1,FALSE,FALSE,Taxista,TRUE,FALSE,FALSE,TRUE,TRUE,TRUE,FALSE
taxonomista,2,938,1,2,1,1,1,1,1,3,TRUE,keep,Título ocupacional explícito: aparece como denominación independiente y/o como núcleo inicial del cargo.,0.95,Taxonomista | Taxonomista de animales | Taxonomista de plantas,"Profesionales, científicos e intelectuales",high,3,1,1,TRUE,1,FALSE,FALSE,Taxonomista,TRUE,FALSE,FALSE,TRUE,TRUE,TRUE,FALSE
tejedora,8,5467,1,8,1,1,0,1,1,2,TRUE,review,"Término técnico o sectorial repetido, pero funciona como especialidad, objeto, proceso o contexto y puede cruzar niveles.",0.68,Operador de máquina de tejedora de tejido de punto | Operador de máquina tejedora | Operador de máquina tejedora de alfombras,Operadores de instalaciones y máquinas y ensambladores,medium,7,1,1,FALSE,0,FALSE,FALSE,tejedora,FALSE,FALSE,TRUE,TRUE,FALSE,FALSE,FALSE
tejedoras,8,5474,1,8,1,1,0,1,1,2,TRUE,review,"Aparece en el nombre oficial de una ocupación o grupo primario, pero funciona como especialidad o contexto y puede cruzar niveles.",0.74,Operador de telares y otras máquinas tejedoras,Operadores de instalaciones y máquinas y ensambladores,medium,1,1,1,FALSE,0,TRUE,TRUE,tejedoras,FALSE,FALSE,TRUE,TRUE,FALSE,FALSE,FALSE
tejero,8,5639,1,8,1,1,0,1,1,2,TRUE,keep,Título ocupacional explícito: aparece como denominación independiente y/o como núcleo inicial del cargo.,0.91,Tejero,Operadores de instalaciones y máquinas y ensambladores,high,1,1,1,TRUE,1,FALSE,FALSE,Tejero,TRUE,FALSE,FALSE,TRUE,TRUE,TRUE,FALSE
telefonista,4,3690,1,4,1,1,1,1,1,3,TRUE,keep,Título ocupacional explícito: aparece como denominación independiente y/o como núcleo inicial del cargo.,0.95,Telefonista | Telefonista de empresa de taxis,Personal de apoyo administrativo,high,2,1,1,TRUE,1,FALSE,FALSE,Telefonista,TRUE,FALSE,FALSE,TRUE,TRUE,TRUE,FALSE
telegrafista,3,3611,1,3,1,1,1,1,1,3,TRUE,keep,Título ocupacional explícito: aparece como denominación independiente y/o como núcleo inicial del cargo.,0.91,Telegrafista,Técnicos y profesionales de nivel medio,high,1,1,1,TRUE,1,FALSE,FALSE,Telegrafista,TRUE,FALSE,FALSE,TRUE,TRUE,TRUE,FALSE
telemercaderista,5,3966,1,5,1,1,1,1,1,3,TRUE,keep,Título ocupacional explícito: aparece como denominación independiente y/o como núcleo inicial del cargo.,0.91,Telemercaderista,Trabajadores de los servicios y vendedores de comercios y mercados,high,1,1,1,TRUE,1,FALSE,FALSE,Telemercaderista,TRUE,FALSE,FALSE,TRUE,TRUE,TRUE,FALSE
teleoperador,4,3685,1,4,1,1,0,1,1,2,TRUE,keep,Núcleo de cargo: encabeza denominaciones CUOC del nivel y tiene forma de título ocupacional.,0.88,Teleoperador de línea de ayuda,Personal de apoyo administrativo,high,1,1,1,FALSE,1,FALSE,FALSE,Teleoperador,TRUE,FALSE,FALSE,TRUE,TRUE,TRUE,FALSE
teleoperadora,4,3701,1,4,1,1,1,1,1,3,TRUE,review,Aparece en un contexto CUOC limitado y no como núcleo del cargo; falta evidencia para mantenerlo o descartarlo automáticamente.,0.55,Recepcionista teleoperadora,Personal de apoyo administrativo,low,1,1,1,FALSE,0,FALSE,FALSE,teleoperadora,FALSE,FALSE,TRUE,TRUE,FALSE,FALSE,FALSE
televendedor,5,3967,1,5,1,1,1,1,1,3,TRUE,keep,Título ocupacional explícito: aparece como denominación independiente y/o como núcleo inicial del cargo.,0.91,Televendedor,Trabajadores de los servicios y vendedores de comercios y mercados,high,1,1,1,TRUE,1,FALSE,FALSE,Televendedor,TRUE,FALSE,FALSE,TRUE,TRUE,TRUE,FALSE
tendero,5,3936,1,5,0,0,1,1,1,3,TRUE,keep,Título ocupacional explícito: aparece como denominación independiente y/o como núcleo inicial del cargo.,0.91,Tendero,Trabajadores de los servicios y vendedores de comercios y mercados,high,1,1,1,TRUE,1,FALSE,FALSE,Tendero,TRUE,FALSE,FALSE,TRUE,TRUE,TRUE,FALSE
teologo,2,2175,1,2,0,0,1,1,1,3,TRUE,keep,Título ocupacional explícito: aparece como denominación independiente y/o como núcleo inicial del cargo.,0.91,Teólogo,"Profesionales, científicos e intelectuales",high,1,1,1,TRUE,1,FALSE,FALSE,Teólogo,TRUE,FALSE,FALSE,TRUE,TRUE,TRUE,FALSE
terapeutica,3,3145,1,3,0,0,1,0,1,2,TRUE,review,Aparece en un contexto CUOC limitado y no como núcleo del cargo; falta evidencia para mantenerlo o descartarlo automáticamente.,0.55,Técnico terapéutica dislalias,Técnicos y profesionales de nivel medio,low,1,1,1,FALSE,0,FALSE,FALSE,terapéutica,FALSE,FALSE,TRUE,TRUE,FALSE,FALSE,FALSE
terapista,2,1581,1,2,0,0,1,1,1,3,TRUE,keep,Núcleo de cargo: encabeza denominaciones CUOC del nivel y tiene forma de título ocupacional.,0.88,Terapista ocupacional clínico,"Profesionales, científicos e intelectuales",high,1,1,1,FALSE,1,FALSE,FALSE,Terapista,TRUE,FALSE,FALSE,TRUE,TRUE,TRUE,FALSE
termodinamicista,2,777,1,2,1,1,1,1,1,3,TRUE,keep,Título ocupacional explícito: aparece como denominación independiente y/o como núcleo inicial del cargo.,0.91,Termodinamicista,"Profesionales, científicos e intelectuales",high,1,1,1,TRUE,1,FALSE,FALSE,Termodinamicista,TRUE,FALSE,FALSE,TRUE,TRUE,TRUE,FALSE
timbalero,2,2342,1,2,0,1,1,1,1,3,TRUE,keep,Título ocupacional explícito: aparece como denominación independiente y/o como núcleo inicial del cargo.,0.91,Timbalero,"Profesionales, científicos e intelectuales",high,1,1,1,TRUE,1,FALSE,FALSE,Timbalero,TRUE,FALSE,FALSE,TRUE,TRUE,TRUE,FALSE
timonero,8,5823,1,8,1,1,1,1,1,3,TRUE,keep,Título ocupacional explícito: aparece como denominación independiente y/o como núcleo inicial del cargo.,0.91,Timonero,Operadores de instalaciones y máquinas y ensambladores,high,1,1,1,TRUE,1,FALSE,FALSE,Timonero,TRUE,FALSE,FALSE,TRUE,TRUE,TRUE,FALSE
tinterillo,3,3396,1,3,0,1,0,1,0,1,TRUE,keep,Título ocupacional explícito: aparece como denominación independiente y/o como núcleo inicial del cargo.,0.91,Tinterillo,Técnicos y profesionales de nivel medio,high,1,1,1,TRUE,1,FALSE,FALSE,Tinterillo,TRUE,FALSE,FALSE,TRUE,TRUE,TRUE,FALSE
tipografo,7,4747,1,7,0,0,1,1,1,3,TRUE,keep,Título ocupacional explícito: aparece como denominación independiente y/o como núcleo inicial del cargo.,0.95,Tipógrafo | Tipógrafo operador de prensa rotograbadora,"Oficiales, operarios, artesanos y trabajadores de ocupaciones afines",high,2,2,2,TRUE,1,FALSE,FALSE,Tipógrafo,TRUE,FALSE,FALSE,TRUE,TRUE,TRUE,FALSE
titiritero,2,2580,1,2,0,0,1,1,1,3,TRUE,keep,Título ocupacional explícito: aparece como denominación independiente y/o como núcleo inicial del cargo.,0.91,Titiritero,"Profesionales, científicos e intelectuales",high,1,1,1,TRUE,1,FALSE,FALSE,Titiritero,TRUE,FALSE,FALSE,TRUE,TRUE,TRUE,FALSE
tornero,7,4275,1,7,1,1,0,1,1,2,TRUE,keep,Título ocupacional explícito: aparece como denominación independiente y/o como núcleo inicial del cargo.,0.95,Tornero de labra de piedra | Técnico tornero pleno industria petrolera | Tornero,"Oficiales, operarios, artesanos y trabajadores de ocupaciones afines",high,17,7,7,TRUE,0.765,FALSE,FALSE,"Tornero, tornero",TRUE,FALSE,FALSE,TRUE,TRUE,TRUE,FALSE
torrero,8,5293,1,8,0,0,1,1,1,3,TRUE,keep,Título ocupacional explícito: aparece como denominación independiente y/o como núcleo inicial del cargo.,0.91,Torrero,Operadores de instalaciones y máquinas y ensambladores,high,1,1,1,TRUE,1,FALSE,FALSE,Torrero,TRUE,FALSE,FALSE,TRUE,TRUE,TRUE,FALSE
toxicologico,2,807,1,2,0,1,0,1,0,1,TRUE,review,Aparece en un contexto CUOC limitado y no como núcleo del cargo; falta evidencia para mantenerlo o descartarlo automáticamente.,0.55,Químico toxicológico,"Profesionales, científicos e intelectuales",low,1,1,1,FALSE,0,FALSE,FALSE,toxicológico,FALSE,FALSE,TRUE,TRUE,FALSE,FALSE,FALSE
toxicologo,2,939,1,2,1,1,1,1,1,3,TRUE,keep,Título ocupacional explícito: aparece como denominación independiente y/o como núcleo inicial del cargo.,0.95,Toxicólogo | Toxicólogo ambiental,"Profesionales, científicos e intelectuales",high,2,2,2,TRUE,1,FALSE,FALSE,Toxicólogo,TRUE,FALSE,FALSE,TRUE,TRUE,TRUE,FALSE
tractorista,8,5754,1,8,1,1,1,1,1,3,TRUE,keep,Núcleo de cargo: encabeza denominaciones CUOC del nivel y tiene forma de título ocupacional.,0.93,Tractorista de aviones | Tractorista agrícola,Operadores de instalaciones y máquinas y ensambladores,high,2,2,2,FALSE,1,FALSE,FALSE,Tractorista,TRUE,FALSE,FALSE,TRUE,TRUE,TRUE,FALSE
trapecista,2,2582,1,2,0,0,1,1,1,3,TRUE,keep,Título ocupacional explícito: aparece como denominación independiente y/o como núcleo inicial del cargo.,0.95,Trapecista | Trapecista de entretenimiento,"Profesionales, científicos e intelectuales",high,2,1,1,TRUE,1,FALSE,FALSE,Trapecista,TRUE,FALSE,FALSE,TRUE,TRUE,TRUE,FALSE
trapichero,7,5047,1,7,0,0,1,1,1,3,TRUE,keep,Título ocupacional explícito: aparece como denominación independiente y/o como núcleo inicial del cargo.,0.91,Trapichero,"Oficiales, operarios, artesanos y trabajadores de ocupaciones afines",high,1,1,1,TRUE,1,FALSE,FALSE,Trapichero,TRUE,FALSE,FALSE,TRUE,TRUE,TRUE,FALSE
trasmisorista,3,3579,1,3,0,0,1,1,1,3,TRUE,keep,Título ocupacional explícito: aparece como denominación independiente y/o como núcleo inicial del cargo.,0.91,Trasmisorista,Técnicos y profesionales de nivel medio,high,1,1,1,TRUE,1,FALSE,FALSE,Trasmisorista,TRUE,FALSE,FALSE,TRUE,TRUE,TRUE,FALSE
traumatologo,2,1448,1,2,1,1,1,1,1,3,TRUE,keep,Título ocupacional explícito: aparece como denominación independiente y/o como núcleo inicial del cargo.,0.95,Ortopedista traumatólogo | Traumatólogo,"Profesionales, científicos e intelectuales",high,2,1,1,TRUE,0.5,FALSE,FALSE,"Traumatólogo, traumatólogo",TRUE,FALSE,FALSE,TRUE,TRUE,TRUE,FALSE
trefilador,7,4879,1,7,0,0,1,1,1,3,TRUE,keep,Núcleo de cargo: encabeza denominaciones CUOC del nivel y tiene forma de título ocupacional.,0.88,Trefilador de metales preciosos,"Oficiales, operarios, artesanos y trabajadores de ocupaciones afines",high,1,1,1,FALSE,1,FALSE,FALSE,Trefilador,TRUE,FALSE,FALSE,TRUE,TRUE,TRUE,FALSE
trombonista,2,2343,1,2,0,1,1,1,1,3,TRUE,keep,Título ocupacional explícito: aparece como denominación independiente y/o como núcleo inicial del cargo.,0.91,Trombonista,"Profesionales, científicos e intelectuales",high,1,1,1,TRUE,1,FALSE,FALSE,Trombonista,TRUE,FALSE,FALSE,TRUE,TRUE,TRUE,FALSE
trompetista,2,2344,1,2,0,1,1,1,1,3,TRUE,keep,Título ocupacional explícito: aparece como denominación independiente y/o como núcleo inicial del cargo.,0.91,Trompetista,"Profesionales, científicos e intelectuales",high,1,1,1,TRUE,1,FALSE,FALSE,Trompetista,TRUE,FALSE,FALSE,TRUE,TRUE,TRUE,FALSE
troquelista,7,4573,1,7,0,0,1,1,1,3,TRUE,keep,Título ocupacional explícito: aparece como denominación independiente y/o como núcleo inicial del cargo.,0.91,Troquelista,"Oficiales, operarios, artesanos y trabajadores de ocupaciones afines",high,1,1,1,TRUE,1,FALSE,FALSE,Troquelista,TRUE,FALSE,FALSE,TRUE,TRUE,TRUE,FALSE
troquelistas,3,2791,1,3,0,1,1,1,1,3,TRUE,review,Aparece en un contexto CUOC limitado y no como núcleo del cargo; falta evidencia para mantenerlo o descartarlo automáticamente.,0.55,Supervisor de troquelistas,Técnicos y profesionales de nivel medio,low,1,1,1,FALSE,0,FALSE,FALSE,troquelistas,FALSE,FALSE,TRUE,TRUE,FALSE,FALSE,FALSE
trovador,2,2379,1,2,0,1,1,1,1,3,TRUE,keep,Título ocupacional explícito: aparece como denominación independiente y/o como núcleo inicial del cargo.,0.91,Trovador,"Profesionales, científicos e intelectuales",high,1,1,1,TRUE,1,FALSE,FALSE,Trovador,TRUE,FALSE,FALSE,TRUE,TRUE,TRUE,FALSE
tunero,6,4228,1,6,0,0,1,1,1,3,TRUE,review,Aparece en un contexto CUOC limitado y no como núcleo del cargo; falta evidencia para mantenerlo o descartarlo automáticamente.,0.55,Pescador tunero,"Agricultores y trabajadores calificados agropecuarios, forestales y pesqueros",low,1,1,1,FALSE,0,FALSE,FALSE,tunero,FALSE,FALSE,TRUE,TRUE,FALSE,FALSE,FALSE
urologo,2,1456,1,2,1,1,1,1,1,3,TRUE,keep,Título ocupacional explícito: aparece como denominación independiente y/o como núcleo inicial del cargo.,0.91,Urólogo,"Profesionales, científicos e intelectuales",high,1,1,1,TRUE,1,FALSE,FALSE,Urólogo,TRUE,FALSE,FALSE,TRUE,TRUE,TRUE,FALSE
vacunador,3,3130,1,3,0,0,1,1,1,3,TRUE,keep,Núcleo de cargo: encabeza denominaciones CUOC del nivel y tiene forma de título ocupacional.,0.93,Vacunador veterinario | Vacunador veterinario de aves de granja,Técnicos y profesionales de nivel medio,high,2,1,1,FALSE,1,FALSE,FALSE,Vacunador,TRUE,FALSE,FALSE,TRUE,TRUE,TRUE,FALSE
valet,8,5723,1,8,0,1,0,1,0,1,TRUE,review,"Aparece al inicio de una denominación, pero la evidencia es escasa o la forma léxica no es inequívocamente ocupacional.",0.64,Valet parking,Operadores de instalaciones y máquinas y ensambladores,low,1,1,1,FALSE,1,FALSE,FALSE,Valet,FALSE,FALSE,TRUE,TRUE,FALSE,FALSE,FALSE
vaquero,6,4158,1,6,1,1,1,1,1,3,TRUE,keep,Título ocupacional explícito: aparece como denominación independiente y/o como núcleo inicial del cargo.,0.95,Vaquero | Vaquero de subsistencia,"Agricultores y trabajadores calificados agropecuarios, forestales y pesqueros",high,2,2,2,TRUE,1,FALSE,FALSE,Vaquero,TRUE,FALSE,FALSE,TRUE,TRUE,TRUE,FALSE
vendedores,5,3937,1,5,0,0,1,1,1,3,TRUE,review,"Aparece en el nombre oficial de una ocupación o grupo primario, pero funciona como especialidad o contexto y puede cruzar niveles.",0.74,Coordinador de vendedores puerta a puerta | Supervisor de vendedores,Trabajadores de los servicios y vendedores de comercios y mercados,medium,2,1,1,FALSE,0,TRUE,TRUE,vendedores,FALSE,FALSE,TRUE,TRUE,FALSE,FALSE,FALSE
ventrilocuo,2,2583,1,2,0,1,1,1,1,3,TRUE,keep,Título ocupacional explícito: aparece como denominación independiente y/o como núcleo inicial del cargo.,0.91,Ventrílocuo,"Profesionales, científicos e intelectuales",high,1,1,1,TRUE,1,FALSE,FALSE,Ventrílocuo,TRUE,FALSE,FALSE,TRUE,TRUE,TRUE,FALSE
vicerrector,1,255,1,1,1,1,1,1,1,3,TRUE,keep,Término inequívoco del dominio del nivel y respaldado por denominaciones CUOC del archivo fuente.,0.96,Vicerrector académico de universidad | Vicerrector colegio | Vicerrector de institución educativa,Directores y gerentes,high,3,2,2,FALSE,1,FALSE,FALSE,Vicerrector,TRUE,FALSE,FALSE,TRUE,TRUE,TRUE,FALSE
vinicultor,6,4099,1,6,1,1,1,1,1,3,TRUE,keep,Título ocupacional explícito: aparece como denominación independiente y/o como núcleo inicial del cargo.,0.91,Vinicultor,"Agricultores y trabajadores calificados agropecuarios, forestales y pesqueros",high,1,1,1,TRUE,1,FALSE,FALSE,Vinicultor,TRUE,FALSE,FALSE,TRUE,TRUE,TRUE,FALSE
violinista,2,2345,1,2,0,1,1,1,1,3,TRUE,keep,Título ocupacional explícito: aparece como denominación independiente y/o como núcleo inicial del cargo.,0.91,Violinista,"Profesionales, científicos e intelectuales",high,1,1,1,TRUE,1,FALSE,FALSE,Violinista,TRUE,FALSE,FALSE,TRUE,TRUE,TRUE,FALSE
violonchelista,2,2346,1,2,0,1,1,1,1,3,TRUE,keep,Título ocupacional explícito: aparece como denominación independiente y/o como núcleo inicial del cargo.,0.91,Violonchelista,"Profesionales, científicos e intelectuales",high,1,1,1,TRUE,1,FALSE,FALSE,Violonchelista,TRUE,FALSE,FALSE,TRUE,TRUE,TRUE,FALSE
virologo,2,940,1,2,1,1,1,1,1,3,TRUE,keep,Título ocupacional explícito: aparece como denominación independiente y/o como núcleo inicial del cargo.,0.91,Virólogo,"Profesionales, científicos e intelectuales",high,1,1,1,TRUE,1,FALSE,FALSE,Virólogo,TRUE,FALSE,FALSE,TRUE,TRUE,TRUE,FALSE
viticultor,6,4100,1,6,1,1,1,1,1,3,TRUE,keep,Título ocupacional explícito: aparece como denominación independiente y/o como núcleo inicial del cargo.,0.91,Viticultor,"Agricultores y trabajadores calificados agropecuarios, forestales y pesqueros",high,1,1,1,TRUE,1,FALSE,FALSE,Viticultor,TRUE,FALSE,FALSE,TRUE,TRUE,TRUE,FALSE
viverista,6,4124,1,6,0,0,1,1,1,3,TRUE,keep,Título ocupacional explícito: aparece como denominación independiente y/o como núcleo inicial del cargo.,0.95,Viverista | Viverista forestal | Operario de campo viverista,"Agricultores y trabajadores calificados agropecuarios, forestales y pesqueros",high,4,1,2,TRUE,0.5,FALSE,FALSE,"Viverista, viverista",TRUE,FALSE,FALSE,TRUE,TRUE,TRUE,FALSE
vocalista,2,2316,1,2,0,0,1,1,1,3,TRUE,keep,Título ocupacional explícito: aparece como denominación independiente y/o como núcleo inicial del cargo.,0.95,Cantante vocalista | Vocalista,"Profesionales, científicos e intelectuales",high,2,1,1,TRUE,0.5,FALSE,FALSE,"Vocalista, vocalista",TRUE,FALSE,FALSE,TRUE,TRUE,TRUE,FALSE
voceador,9,5992,1,9,0,1,1,1,1,3,TRUE,keep,Núcleo de cargo: encabeza denominaciones CUOC del nivel y tiene forma de título ocupacional.,0.88,Voceador de periódicos,Ocupaciones elementales,high,1,1,1,FALSE,1,FALSE,FALSE,Voceador,TRUE,FALSE,FALSE,TRUE,TRUE,TRUE,FALSE
volquetero,8,5753,1,8,1,1,1,1,1,3,TRUE,keep,Título ocupacional explícito: aparece como denominación independiente y/o como núcleo inicial del cargo.,0.91,Volquetero,Operadores de instalaciones y máquinas y ensambladores,high,1,1,1,TRUE,1,FALSE,FALSE,Volquetero,TRUE,FALSE,FALSE,TRUE,TRUE,TRUE,FALSE
vulcanizador,8,5416,1,8,1,0,0,0,1,1,TRUE,keep,Título ocupacional explícito: aparece como denominación independiente y/o como núcleo inicial del cargo.,0.95,Vulcanizador | Vulcanizador caucho | Vulcanizador neumáticos,Operadores de instalaciones y máquinas y ensambladores,high,4,2,2,TRUE,1,FALSE,FALSE,Vulcanizador,TRUE,FALSE,FALSE,TRUE,TRUE,TRUE,FALSE
vulcanologo,2,839,1,2,1,1,1,1,1,3,TRUE,keep,Título ocupacional explícito: aparece como denominación independiente y/o como núcleo inicial del cargo.,0.91,Vulcanólogo,"Profesionales, científicos e intelectuales",high,1,1,1,TRUE,1,FALSE,FALSE,Vulcanólogo,TRUE,FALSE,FALSE,TRUE,TRUE,TRUE,FALSE
winchero,8,5809,1,8,1,1,0,1,1,2,TRUE,keep,Título ocupacional explícito: aparece como denominación independiente y/o como núcleo inicial del cargo.,0.91,Winchero,Operadores de instalaciones y máquinas y ensambladores,high,1,1,1,TRUE,1,FALSE,FALSE,Winchero,TRUE,FALSE,FALSE,TRUE,TRUE,TRUE,FALSE
yesero,7,4364,1,7,0,0,1,1,1,3,TRUE,keep,Título ocupacional explícito: aparece como denominación independiente y/o como núcleo inicial del cargo.,0.95,Yesero | Yesero de estuco | Yesero de pared seca,"Oficiales, operarios, artesanos y trabajadores de ocupaciones afines",high,5,1,1,TRUE,1,FALSE,FALSE,Yesero,TRUE,FALSE,FALSE,TRUE,TRUE,TRUE,FALSE
yuntero,9,5874,1,9,0,1,0,1,0,1,TRUE,keep,Título ocupacional explícito: aparece como denominación independiente y/o como núcleo inicial del cargo.,0.91,Yuntero,Ocupaciones elementales,high,1,1,1,TRUE,1,FALSE,FALSE,Yuntero,TRUE,FALSE,FALSE,TRUE,TRUE,TRUE,FALSE
zapatero,7,5171,1,7,1,0,1,1,1,3,TRUE,keep,Título ocupacional explícito: aparece como denominación independiente y/o como núcleo inicial del cargo.,0.95,Zapatero | Zapatero de calzado a medida | Zapatero de calzado ortopédico,"Oficiales, operarios, artesanos y trabajadores de ocupaciones afines",high,4,1,1,TRUE,1,FALSE,FALSE,Zapatero,TRUE,FALSE,FALSE,TRUE,TRUE,TRUE,FALSE
zoologo,2,941,1,2,1,1,1,1,1,3,TRUE,keep,Título ocupacional explícito: aparece como denominación independiente y/o como núcleo inicial del cargo.,0.91,Zoólogo,"Profesionales, científicos e intelectuales",high,1,1,1,TRUE,1,FALSE,FALSE,Zoólogo,TRUE,FALSE,FALSE,TRUE,TRUE,TRUE,FALSE
